ProdID,UPC,Category,Brand,Model,Model Description,Size,Color,MSRP,MAP,Each Cost,Manufacturer Prod,COO,Discontinued,UOM,Weight,Length,Width,Height,ORMD,Product Description,Replacement,Substitute,Recently Updated,
AB3501,708752156647,Casual Pants,Surly,MSURLY02,Pants,32,Black,95.00,95.00,55.00,04-000738,CN,No,EA,0.78,20.00,13.00,0.80,No,Surly Men's Pants: Black 32W x 32L,,,,
AB3502,708752156630,Casual Pants,Surly,MSURLY02,Pants,34,Black,95.00,95.00,55.00,04-000738,CN,No,EA,0.78,20.00,13.00,0.80,No,Surly Men's Pants: Black 34W x 32L,,,,
AB3503,708752156623,Casual Pants,Surly,MSURLY02,Pants,34,Black,95.00,95.00,55.00,04-000738,CN,No,EA,1.60,16.25,14.25,1.50,No,Surly Men's Pants: Black 34W x 36L,,,,
AB3504,708752156616,Casual Pants,Surly,MSURLY02,Pants,36,Black,95.00,95.00,55.00,04-000738,CN,No,EA,1.55,12.00,8.25,2.00,No,Surly Men's Pants: Black 36W x 32L,,,,
AB3505,708752156609,Casual Pants,Surly,MSURLY02,Pants,36,Black,95.00,95.00,55.00,04-000738,CN,No,EA,1.60,17.00,14.75,1.50,No,Surly Men's Pants: Black 36W x 36L,,,,
AB3507,708752156586,Casual Pants,Surly,MSURLY02,Pants,38,Black,95.00,95.00,55.00,04-000738,CN,No,EA,1.75,12.00,8.25,2.00,No,Surly Men's Pants: Black 38W x 36L,,,,
AB3508,708752156579,Casual Pants,Surly,MSURLY02,Pants,40,Black,95.00,95.00,55.00,04-000738,CN,No,EA,1.70,12.00,8.25,2.00,No,Surly Men's Pants: Black 40W x 32L,,,,
AB3509,708752156562,Casual Pants,Surly,MSURLY02,Pants,40,Black,95.00,95.00,55.00,04-000738,CN,No,EA,1.80,12.00,8.25,2.00,No,Surly Men's Pants: Black 40W x 36L,,,,
AB3511,708752156548,Casual Pants,Surly,MSURLY02,Pants,32,Olive Green,95.00,95.00,55.00,04-000738,CN,No,EA,1.40,16.00,13.50,1.50,No,Surly Men's Pants: Olive Green 32W x 32L,,,,
AB3512,708752166837,Casual Pants,Surly,MSURLY02,Pants,34,Olive Green,95.00,95.00,55.00,04-000738,CN,No,EA,0.78,20.00,13.00,0.80,No,Surly Men's Pants: Olive Green 34W x 32L,,,,
AB3513,708752166820,Casual Pants,Surly,MSURLY02,Pants,34,Olive Green,95.00,95.00,55.00,04-000738,CN,No,EA,1.55,12.00,8.25,2.00,No,Surly Men's Pants: Olive Green 34W x 36L,,,,
AB3514,708752166813,Casual Pants,Surly,MSURLY02,Pants,36,Olive Green,95.00,95.00,55.00,04-000738,CN,No,EA,1.55,12.00,8.25,2.00,No,Surly Men's Pants: Olive Green 36W x 32L,,,,
AB3515,708752166806,Casual Pants,Surly,MSURLY02,Pants,36,Olive Green,95.00,95.00,55.00,04-000738,CN,No,EA,1.65,16.50,14.50,1.50,No,Surly Men's Pants: Olive Green 36W x 36L,,,,
AB3516,708752166790,Casual Pants,Surly,MSURLY02,Pants,38,Olive Green,95.00,95.00,55.00,04-000738,CN,No,EA,1.60,16.25,15.00,1.50,No,Surly Men's Pants: Olive Green 38W x 32L,,,,
AB3517,708752166783,Casual Pants,Surly,MSURLY02,Pants,38,Olive Green,95.00,95.00,55.00,04-000738,CN,No,EA,1.65,12.00,8.25,2.00,No,Surly Men's Pants: Olive Green 38W x 36L,,,,
AB3518,708752166776,Casual Pants,Surly,MSURLY02,Pants,40,Olive Green,95.00,95.00,55.00,04-000738,CN,No,EA,1.65,12.00,8.25,2.00,No,Surly Men's Pants: Olive Green 40W x 32L,,,,
AB3519,708752166769,Casual Pants,Surly,MSURLY02,Pants,40,Olive Green,95.00,95.00,55.00,04-000738,CN,No,EA,1.75,12.00,8.25,2.00,No,Surly Men's Pants: Olive Green 40W x 36L,,,,
BG0100,708752144033,Tool Wrap,Surly,MSURLY36,Tool Bag,,,12.00,12.00,6.00,04-000601,TW,No,EA,0.12,9.00,8.75,0.25,No,Surly Tool Bag,,,2018-05-02,
BG0118,708752162532,Bag Accessories,Surly,MSURLY80,Porteur Bag Liner,,,24.00,24.00,12.00,BG0118,TW,No,SET,0.30,0.00,7.25,3.50,No,Surly Porteur Bag Liners set of 3,,,,
BG0120,708752204607,Bag Accessories,Surly,MSURLY80,Porteur Bag Liner,,,28.00,28.00,14.00,RB-0090,TW,No,EA,0.30,8.50,7.25,3.50,No,Surly Petite Porteur Bag Liners: Set of 4,,,,
BG0121,708752216051,Handlebar Bag,Surly,MSURLY93,Moloko Adjunct,,Black,60.00,60.00,36.00,HB-0056-000,TW,No,EA,0.55,10.50,4.25,4.00,No,Surly Adjunct Personal Effects Moloko Handlebar Bag,,,,
BG5830,708752137080,Frame Pack,Surly,MSURLY54,Straggle-Check Frame Bag,,Black,185.00,185.00,115.00,STRAGGLE-CHECK 38/42,US,No,EA,0.86,22.50,7.50,2.50,No,Surly Straggle-Check Frame Bag for size 38/42 Cross Check and Stragglers,,,,
BG5831,708752137073,Frame Pack,Surly,MSURLY54,Straggle-Check Frame Bag,,Black,185.00,185.00,115.00,STRAGGLE-CHECK 46,US,No,EA,0.88,22.25,7.75,2.75,No,Surly Straggle-Check Frame Bag for size 46 Cross Check and Stragglers,,,,
BG5832,708752137066,Frame Pack,Surly,MSURLY54,Straggle-Check Frame Bag,,Black,185.00,185.00,115.00,STRAGGLE-CHECK 50,US,No,EA,0.92,22.00,7.50,2.50,No,Surly Straggle-Check Frame Bag for size 50 Cross Check and Stragglers,,,,
BG5833,708752137059,Frame Pack,Surly,MSURLY54,Straggle-Check Frame Bag,,Black,185.00,185.00,115.00,STRAGGLE-CHECK 52,US,No,EA,0.88,22.25,7.75,2.75,No,Surly Straggle-Check Frame Bag for size 52 Cross Check and Stragglers,,,,
BG5834,708752137042,Frame Pack,Surly,MSURLY54,Straggle-Check Frame Bag,,Black,185.00,185.00,115.00,STRAGGLE-CHECK 54,US,No,EA,0.98,23.00,9.25,3.50,No,Surly Straggle-Check Frame Bag for size 54 Cross Check and Stragglers,,,,
BG5835,708752137035,Frame Pack,Surly,MSURLY54,Straggle-Check Frame Bag,,Black,185.00,185.00,115.00,STRAGGLE-CHECK 56,US,No,EA,1.03,23.75,9.00,3.25,No,Surly Straggle-Check Frame Bag for size 56 Cross Check and Stragglers,,,,
BG5836,708752137028,Frame Pack,Surly,MSURLY54,Straggle-Check Frame Bag,,Black,185.00,185.00,115.00,STRAGGLE-CHECK 58,US,No,EA,1.10,22.50,7.50,2.50,No,Surly Straggle-Check Frame Bag for size 58 Cross Check and Stragglers,,,,
BG5837,708752137011,Frame Pack,Surly,MSURLY54,Straggle-Check Frame Bag,,Black,185.00,185.00,115.00,STRAGGLE-CHECK 60,US,No,EA,1.18,24.50,9.75,2.75,No,Surly Straggle-Check Frame Bag for size 60 Cross Check and Stragglers,,,,
BG5838,708752137004,Frame Pack,Surly,MSURLY54,Straggle-Check Frame Bag,,Black,185.00,185.00,115.00,STRAGGLE-CHECK 62,US,No,EA,1.22,22.50,7.50,2.50,No,Surly Straggle-Check Frame Bag for size 62 Cross Check and Stragglers,,,,
BG5839,708752136991,Frame Pack,Surly,MSURLY54,Straggle-Check Frame Bag,,Black,185.00,185.00,115.00,STRAGGLE-CHECK 64,US,No,EA,1.18,25.75,7.00,2.50,No,Surly Straggle-Check Frame Bag for size 64 Cross Check and Stragglers,,,,
BG5840,708752143166,Frame Pack,Surly,27019,Karate Monkey / Ogre / Troll / 1x1 / ,,Black,170.00,170.00,102.50,BAG 6,US,No,EA,0.74,22.00,8.75,2.50,No,Surly Frame Bag 6 for Karate Monkey Ogre Troll 1x1 Krampus,,,,
BG5841,708752143159,Frame Pack,Surly,27019,Karate Monkey / Ogre / Troll / 1x1 / ,,Black,170.00,170.00,102.50,BAG 7,US,No,EA,0.82,23.50,6.50,2.00,No,Surly Frame Bag 7 for Karate Monkey Ogre Troll 1x1 Krampus,,,,
BG5842,708752143142,Frame Pack,Surly,27019,Karate Monkey / Ogre / Troll / 1x1 / ,,Black,170.00,170.00,102.50,BAG 8,US,No,EA,0.90,23.25,6.75,3.50,No,Surly Frame Bag 8 for Karate Monkey Ogre Troll 1x1 Krampus,,,,
BG5843,708752143135,Frame Pack,Surly,27019,Karate Monkey / Ogre / Troll / 1x1 / ,,Black,170.00,170.00,102.50,BAG 9,US,No,EA,0.98,24.25,8.75,4.00,No,Surly Frame Bag 9 for Karate Monkey Ogre Troll 1x1 Krampus,,,,
BG5844,708752143128,Frame Pack,Surly,27019,Karate Monkey / Ogre / Troll / 1x1 / ,,Black,170.00,170.00,102.50,BAG 10,US,No,EA,1.04,24.50,8.75,2.50,No,Surly Frame Bag 10 for Karate Monkey Ogre Troll 1x1 Krampus,,,,
BG8001,708752131217,Rack Bag,Surly,MSURLY38,Porteur House,,Black,120.00,120.00,72.00,BG8001,TW,No,EA,3.33,17.75,12.00,3.75,No,Surly Porteur House Bag,,,,
BG8002,708752204621,Rack Bag,Surly,MSURLY558,Petite Porteur House,,,100.00,100.00,60.00,RB-0090,TW,No,EA,2.20,15.50,8.75,4.00,No,Surly Petite Porteur House Bag: Black,,,,
BK0040,708752184336,Touring Bike,Surly,K5865,Troll Pea Lime Pie Soup,,Pea Lime Pie ,1699.00,1699.00,1155.00,,TW,No,EA,40.65,53.50,30.25,8.50,No,Surly Troll Complete Bike XS Pea Lime Pie Soup,,,,
BK0041,708752184350,Touring Bike,Surly,K5865,Troll Pea Lime Pie Soup,,Pea Lime Pie ,1699.00,1699.00,1155.00,,TW,No,EA,40.90,53.75,30.50,8.25,No,Surly Troll Complete Bike SM Pea Lime Pie Soup,,,,
BK0042,708752184374,Touring Bike,Surly,K5865,Troll Pea Lime Pie Soup,,Pea Lime Pie ,1699.00,1699.00,1155.00,,TW,No,EA,41.35,54.50,30.50,8.25,No,Surly Troll Complete Bike MD Pea Lime Pie Soup,,,,
BK0043,708752184398,Touring Bike,Surly,K5865,Troll Pea Lime Pie Soup,,Pea Lime Pie ,1699.00,1699.00,1155.00,,TW,No,EA,41.85,55.50,31.00,8.25,No,Surly Troll Complete Bike LG Pea Lime Pie Soup,,,,
BK0065,708752141049,Mountain Bike,Surly,K3818,Lowside Bike - Rainbow in the Dark,,Rainbow in the ,1200.00,1200.00,820.00,,TW,No,EA,39.00,56.00,8.00,31.00,No,Surly Lowside Complete Bike: X-Small Rainbow in the Dark,,,,
BK0066,708752140998,Mountain Bike,Surly,K3818,Lowside Bike - Rainbow in the Dark,,Rainbow in the ,1200.00,1200.00,820.00,,TW,No,EA,39.00,56.00,8.00,31.00,No,Surly Lowside Complete Bike: Small Rainbow in the Dark,,,2018-04-28,
BK0067,708752140943,Mountain Bike,Surly,K3818,Lowside Bike - Rainbow in the Dark,,Rainbow in the ,1200.00,1200.00,820.00,,TW,No,EA,39.00,56.00,8.00,31.00,No,Surly Lowside Complete Bike: Medium Rainbow in the Dark,,,,
BK0068,708752140899,Mountain Bike,Surly,K3818,Lowside Bike - Rainbow in the Dark,,Rainbow in the ,1200.00,1200.00,820.00,,TW,No,EA,39.00,56.00,8.00,31.00,No,Surly Lowside Complete Bike: Large Rainbow in the Dark,,,,
BK0069,708752140844,Mountain Bike,Surly,K3818,Lowside Bike - Rainbow in the Dark,,Rainbow in the ,1200.00,1200.00,820.00,,TW,No,EA,39.00,56.00,8.00,31.00,No,Surly Lowside Complete Bike: X-Large Rainbow in the Dark,,,2018-04-28,
BK0270,,Cyclocross Bike,Surly,K4479,Cross Check Black,,Black,1149.00,1149.00,780.00,,TW,No,,34.50,54.00,8.00,32.00,No,Surly Cross Check Complete Bike 42cm Black,,,,
BK0271,,Cyclocross Bike,Surly,K4479,Cross Check Black,,Black,1149.00,1149.00,780.00,,TW,No,,34.50,54.00,8.00,32.00,No,Surly Cross Check Complete Bike 46cm Black,,,2018-04-26,
BK0272,,Cyclocross Bike,Surly,K4479,Cross Check Black,,Black,1149.00,1149.00,780.00,,TW,No,,34.50,54.00,8.00,32.00,No,Surly Cross Check Complete Bike 50cm Black,,,,
BK0273,,Cyclocross Bike,Surly,K4479,Cross Check Black,,Black,1149.00,1149.00,780.00,,TW,No,,34.80,52.50,8.00,30.50,No,Surly Cross Check Complete Bike 52cm Black,,,,
BK0274,,Cyclocross Bike,Surly,K4479,Cross Check Black,,Black,1149.00,1149.00,780.00,,TW,No,,34.50,54.00,8.00,32.00,No,Surly Cross Check Complete Bike 54cm Black,,,,
BK0275,,Cyclocross Bike,Surly,K4479,Cross Check Black,,Black,1149.00,1149.00,780.00,,TW,No,,34.50,54.00,8.00,32.00,No,Surly Cross Check Complete Bike 56cm Black,,,,
BK0276,,Cyclocross Bike,Surly,K4479,Cross Check Black,,Black,1149.00,1149.00,780.00,,TW,No,,34.50,54.00,8.00,32.00,No,Surly Cross Check Complete Bike 58cm Black,,,,
BK0277,,Cyclocross Bike,Surly,K4479,Cross Check Black,,Black,1149.00,1149.00,780.00,,TW,No,,34.50,54.00,8.00,32.00,No,Surly Cross Check Complete Bike 60cm Black,,,,
BK0278,,Cyclocross Bike,Surly,K4479,Cross Check Black,,Black,1149.00,1149.00,780.00,,TW,No,,34.50,54.00,8.00,32.00,No,Surly Cross Check Complete Bike 62cm Black,,,,
BK0279,,Cyclocross Bike,Surly,K4479,Cross Check Black,,Black,1149.00,1149.00,780.00,,TW,No,,34.50,54.00,8.00,32.00,No,Surly Cross Check Complete Bike 64cm Black,,,,
BK0370,708752244276,Mountain Bike,Surly,K6847,Krampus Complete Bike - Pickled Beet ,,Pickled Beet ,1499.00,1499.00,1020.00,,TW,No,EA,42.50,60.00,32.00,11.00,No,Surly Krampus Bike SM Pickled Beet Red,,,,
BK0371,708752244412,Mountain Bike,Surly,K6847,Krampus Complete Bike - Pickled Beet ,,Pickled Beet ,1499.00,1499.00,1020.00,,TW,No,EA,42.50,60.00,32.00,11.00,No,Surly Krampus Bike MD Pickled Beet Red,,,,
BK0372,708752244559,Mountain Bike,Surly,K6847,Krampus Complete Bike - Pickled Beet ,,Pickled Beet ,1499.00,1499.00,1020.00,,TW,No,EA,42.50,60.00,32.00,11.00,No,Surly Krampus Bike LG Pickled Beet Red,,,,
BK0373,708752244696,Mountain Bike,Surly,K6847,Krampus Complete Bike - Pickled Beet ,,Pickled Beet ,1499.00,1499.00,1020.00,,TW,No,EA,42.50,60.00,32.00,11.00,No,Surly Krampus Bike XL Pickled Beet Red,,,,
BK0538,708752130456,Cyclocross Bike,Surly,K3205,Straggler 650b Black,,Black,1549.00,1549.00,1050.00,BK0538,TW,No,EA,33.50,50.50,29.00,8.00,No,Surly Straggler 650b Complete Bike 38cm Apex Black,,,,
BK0542,708752130449,Cyclocross Bike,Surly,K3205,Straggler 650b Black,,Black,1549.00,1549.00,1050.00,BK0542,TW,No,EA,33.48,50.50,29.00,8.00,No,Surly Straggler 650b Complete Bike 42cm Apex Black,,,,
BK0646,708752093355,Road Bike,Surly,33045,Pacer,,Red Flake,1649.00,1649.00,1110.00,,TW,No,EA,30.75,51.00,29.00,8.00,No,Surly Pacer Bike 46cm Red Flake,,,,
BK0650,708752093362,Road Bike,Surly,33045,Pacer,,Red Flake,1649.00,1649.00,1110.00,,TW,No,EA,30.75,51.00,29.00,8.00,No,Surly Pacer Bike 50cm Red Flake,,,,
BK0652,708752093379,Road Bike,Surly,33045,Pacer,,Red Flake,1649.00,1649.00,1110.00,,TW,No,EA,30.75,51.00,29.00,8.00,No,Surly Pacer Bike 52cm Red Flake,,,,
BK0700,708752157460,Road Bike,Surly,K4591,Midnight Special Bike - Hot Mayonnaise,,Hot ,1799.00,1799.00,1225.00,,TW,No,EA,42.50,60.00,11.00,32.00,No,Surly Midnight Special Complete Bike 40cm Hot Mayonnaise,,,,
BK0701,708752157392,Road Bike,Surly,K4591,Midnight Special Bike - Hot Mayonnaise,,Hot ,1799.00,1799.00,1225.00,,TW,No,EA,42.50,60.00,11.00,32.00,No,Surly Midnight Special Complete Bike 46cm Hot Mayonnaise,,,,
BK0702,708752157323,Road Bike,Surly,K4591,Midnight Special Bike - Hot Mayonnaise,,Hot ,1799.00,1799.00,1225.00,,TW,No,EA,42.50,60.00,11.00,32.00,No,Surly Midnight Special Complete Bike 50cm Hot Mayonnaise,,,,
BK0703,708752157255,Road Bike,Surly,K4591,Midnight Special Bike - Hot Mayonnaise,,Hot ,1799.00,1799.00,1225.00,,TW,No,EA,42.50,60.00,11.00,32.00,No,Surly Midnight Special Complete Bike 54cm Hot Mayonnaise,,,,
BK0704,708752157187,Road Bike,Surly,K4591,Midnight Special Bike - Hot Mayonnaise,,Hot ,1799.00,1799.00,1225.00,,TW,No,EA,42.50,60.00,11.00,32.00,No,Surly Midnight Special Complete Bike 56cm Hot Mayonnaise,,,,
BK0705,708752157118,Road Bike,Surly,K4591,Midnight Special Bike - Hot Mayonnaise,,Hot ,1799.00,1799.00,1225.00,,TW,No,EA,42.50,60.00,11.00,32.00,No,Surly Midnight Special Complete Bike 58cm Hot Mayonnaise,,,,
BK0706,708752157040,Road Bike,Surly,K4591,Midnight Special Bike - Hot Mayonnaise,,Hot ,1799.00,1799.00,1225.00,,TW,No,EA,42.50,60.00,11.00,32.00,No,Surly Midnight Special Complete Bike 60cm Hot Mayonnaise,,,,
BK0707,708752156975,Road Bike,Surly,K4591,Midnight Special Bike - Hot Mayonnaise,,Hot ,1799.00,1799.00,1225.00,,TW,No,EA,42.50,60.00,11.00,32.00,No,Surly Midnight Special Complete Bike 64cm Hot Mayonnaise,,,,
BK0791,,Touring Bike,Surly,K4476,Ogre Brown,,Brown,1699.00,1699.00,1155.00,,TW,No,,39.00,58.00,31.00,9.00,No,Surly Ogre Complete Bike SM Rover Brown,,,,
BK0792,,Touring Bike,Surly,K4476,Ogre Brown,,Brown,1699.00,1699.00,1155.00,,TW,No,,43.30,57.50,31.50,8.25,No,Surly Ogre Complete Bike MD Rover Brown,,,,
BK0793,,Touring Bike,Surly,K4476,Ogre Brown,,Brown,1699.00,1699.00,1155.00,,TW,No,,39.00,58.00,31.00,9.00,No,Surly Ogre Complete Bike LG Rover Brown,,,,
BK0794,,Touring Bike,Surly,K4476,Ogre Brown,,Brown,1699.00,1699.00,1155.00,,TW,No,,43.70,59.00,32.00,8.50,No,Surly Ogre Complete Bike XL Rover Brown,,,,
BK0805,708752139633,Mountain Bike,Surly,K3799,"Karate Monkey 29"" Stand Back Purple",,Purple,1199.00,1199.00,800.00,,TW,No,EA,36.00,58.00,8.00,32.00,No,Surly Karate Monkey Bike XS Stand Back Purple,,,,
BK0806,708752139589,Mountain Bike,Surly,K3799,"Karate Monkey 29"" Stand Back Purple",,Purple,1199.00,1199.00,815.00,,TW,No,EA,38.30,56.75,31.50,8.75,No,Surly Karate Monkey Bike SM Stand Back Purple,,,,
BK0806,708752139589,Mountain Bike,Surly,K3799,"Karate Monkey 29"" Stand Back Purple",,Stand Back ,1199.00,1199.00,815.00,,TW,No,EA,38.30,56.75,31.50,8.75,No,Surly Karate Monkey Bike SM Stand Back Purple,,,,
BK0807,708752139534,Mountain Bike,Surly,K3799,"Karate Monkey 29"" Stand Back Purple",,Purple,1199.00,1199.00,815.00,,TW,No,EA,38.95,57.00,31.00,9.00,No,Surly Karate Monkey Bike MD Stand Back Purple,,,,
BK0807,708752139534,Mountain Bike,Surly,K3799,"Karate Monkey 29"" Stand Back Purple",,Stand Back ,1199.00,1199.00,815.00,,TW,No,EA,38.95,57.00,31.00,9.00,No,Surly Karate Monkey Bike MD Stand Back Purple,,,,
BK0808,708752139480,Mountain Bike,Surly,K3799,"Karate Monkey 29"" Stand Back Purple",,Purple,1199.00,1199.00,815.00,,TW,No,EA,36.00,58.00,32.00,8.00,No,Surly Karate Monkey Bike LG Stand Back Purple,,,,
BK0808,708752139480,Mountain Bike,Surly,K3799,"Karate Monkey 29"" Stand Back Purple",,Stand Back ,1199.00,1199.00,815.00,,TW,No,EA,36.00,58.00,32.00,8.00,No,Surly Karate Monkey Bike LG Stand Back Purple,,,,
BK0809,708752139435,Mountain Bike,Surly,K3799,"Karate Monkey 29"" Stand Back Purple",,Purple,1199.00,1199.00,815.00,,TW,No,EA,36.00,58.00,32.00,8.00,No,Surly Karate Monkey Bike XL Stand Back Purple,,,,
BK0809,708752139435,Mountain Bike,Surly,K3799,"Karate Monkey 29"" Stand Back Purple",,Stand Back ,1199.00,1199.00,815.00,,TW,No,EA,36.00,58.00,32.00,8.00,No,Surly Karate Monkey Bike XL Stand Back Purple,,,,
BK0980,708752196865,Cyclocross Bike,Surly,K6108,Straggler 650b Black,,Black,1549.00,1549.00,1050.00,,TW,No,EA,30.00,54.00,32.00,8.00,No,Surly Straggler 650b Complete Bike 38cm Gloss Black,,,,
BK0981,708752196889,Cyclocross Bike,Surly,K6108,Straggler 650b Black,,Black,1549.00,1549.00,1050.00,,TW,No,EA,30.00,54.00,32.00,8.00,No,Surly Straggler 650b Complete Bike 42cm Gloss Black,,,2018-04-28,
BK0982,708752196902,Cyclocross Bike,Surly,K6108,Straggler 650b Black,,Black,1549.00,1549.00,1050.00,,TW,No,EA,30.00,54.00,8.00,32.00,No,Surly Straggler 650b Complete Bike 46cm Gloss Black,,,,
BK0983,708752196926,Cyclocross Bike,Surly,K6108,Straggler 650b Black,,Black,1549.00,1549.00,1050.00,,TW,No,EA,36.00,52.50,29.75,9.00,No,Surly Straggler 650b Complete Bike 50cm Gloss Black,,,,
BK0990,708752196940,Cyclocross Bike,Surly,K6109,Straggler 700c Black MY18,,Black,1549.00,1549.00,1050.00,,TW,No,EA,35.00,53.00,30.00,8.00,No,Surly Straggler 700c Complete Bike 52cm Black MY18,,,,
BK0991,708752196964,Cyclocross Bike,Surly,K6109,Straggler 700c Black MY18,,Black,1549.00,1549.00,1050.00,,TW,No,EA,35.70,52.50,29.50,8.00,No,Surly Straggler 700c Complete Bike 54cm Black MY18,,,,
BK0992,708752196988,Cyclocross Bike,Surly,K6109,Straggler 700c Black MY18,,Black,1549.00,1549.00,1050.00,,TW,No,EA,35.00,53.00,30.00,8.00,No,Surly Straggler 700c Complete Bike 56cm Black MY18,,,,
BK0993,708752197008,Cyclocross Bike,Surly,K6109,Straggler 700c Black MY18,,Black,1549.00,1549.00,1050.00,,TW,No,EA,35.00,53.00,32.00,8.00,No,Surly Straggler 700c Complete Bike 58cm Black MY18,,,2018-04-28,
BK0994,708752197022,Cyclocross Bike,Surly,K6109,Straggler 700c Black MY18,,Black,1549.00,1549.00,1050.00,,TW,No,EA,36.00,53.00,32.00,8.00,No,Surly Straggler 700c Complete Bike 60cm Black MY18,,,,
BK0995,708752197046,Cyclocross Bike,Surly,K6109,Straggler 700c Black MY18,,Black,1549.00,1549.00,1050.00,,TW,No,EA,36.00,53.00,33.00,8.00,No,Surly Straggler 700c Complete Bike 62cm Black MY18,,,,
BK1415,708752139138,Fat Bike,Surly,K3816,Pugsley Complete Bike Candied Yam ,,Candied Yam ,1849.00,1849.00,1257.50,,TW,No,EA,46.75,55.00,31.00,11.50,No,Surly Pugsley Complete Bike XS Candied Yam Orange,,,,
BK1416,708752139084,Fat Bike,Surly,K3816,Pugsley Complete Bike Candied Yam ,,Candied Yam ,1849.00,1849.00,1257.50,,TW,No,EA,46.75,55.00,31.00,11.50,No,Surly Pugsley Complete Bike SM Candied Yam Orange,,,,
BK1417,708752139039,Fat Bike,Surly,K3816,Pugsley Complete Bike Candied Yam ,,Candied Yam ,1849.00,1849.00,1257.50,,TW,No,EA,46.75,55.00,31.00,11.50,No,Surly Pugsley Complete Bike MD Candied Yam Orange,,,2018-04-28,
BK1418,708752138988,Fat Bike,Surly,K3816,Pugsley Complete Bike Candied Yam ,,Candied Yam ,1849.00,1849.00,1257.50,,TW,No,EA,46.75,55.00,31.00,11.50,No,Surly Pugsley Complete Bike LG Candied Yam Orange,,,,
BK1419,708752138933,Fat Bike,Surly,K3816,Pugsley Complete Bike Candied Yam ,,Candied Yam ,1849.00,1849.00,1257.50,,TW,No,EA,46.75,55.00,31.00,11.50,No,Surly Pugsley Complete Bike XL Candied Yam Orange,,,,
BK1490,708752156173,Touring Bike,Surly,K4593,Pack Rat Bike - Get In Green,,Get in Green,1349.00,1349.00,915.00,,TW,No,EA,30.00,54.00,8.00,32.00,No,Surly Pack Rat 26 Complete Bike 38cm Get In Green,,,,
BK1491,708752156104,Touring Bike,Surly,K4593,Pack Rat Bike - Get In Green,,Get in Green,1349.00,1349.00,915.00,,TW,No,EA,30.00,54.00,8.00,32.00,No,Surly Pack Rat 26 Complete Bike 42cm Get In Green,,,2018-04-28,
BK1492,708752156036,Touring Bike,Surly,K4593,Pack Rat Bike - Get In Green,,Get in Green,1349.00,1349.00,915.00,,TW,No,EA,30.00,54.00,8.00,32.00,No,Surly Pack Rat 26 Complete Bike 46cm Get In Green,,,2018-04-28,
BK1493,708752155961,Touring Bike,Surly,K4593,Pack Rat Bike - Get In Green,,Get in Green,1349.00,1349.00,915.00,,TW,No,EA,30.00,54.00,8.00,32.00,No,Surly Pack Rat 26 Complete Bike 50cm Get In Green,,,2018-04-28,
BK1494,708752155893,Touring Bike,Surly,K4593,Pack Rat Bike - Get In Green,,Get in Green,1349.00,1349.00,915.00,,TW,No,EA,30.00,54.00,8.00,32.00,No,Surly Pack Rat 650b Complete Bike 52cm Get In Green,,,2018-04-27,
BK1495,708752155824,Touring Bike,Surly,K4593,Pack Rat Bike - Get In Green,,Get in Green,1349.00,1349.00,915.00,,TW,No,EA,30.00,54.00,8.00,32.00,No,Surly Pack Rat 650b Complete Bike 54cm Get In Green,,,2018-05-01,
BK1496,708752155756,Touring Bike,Surly,K4593,Pack Rat Bike - Get In Green,,Get in Green,1349.00,1349.00,915.00,,TW,No,EA,30.00,54.00,8.00,32.00,No,Surly Pack Rat 650b Complete Bike 56cm Get In Green,,,2018-04-27,
BK1497,708752155688,Touring Bike,Surly,K4593,Pack Rat Bike - Get In Green,,Get in Green,1349.00,1349.00,915.00,,TW,No,EA,30.00,54.00,8.00,32.00,No,Surly Pack Rat 650b Complete Bike 58cm Get In Green,,,2018-04-27,
BK1521,708752224223,Mountain Bike,Surly,K5843,Krampus Complete Bike - Dark Black,,Black,1499.00,1499.00,1020.00,,TW,No,EA,45.60,58.25,9.50,31.25,No,Surly Krampus Complete Bike SM Dark Black,,,,
BK1522,708752224230,Mountain Bike,Surly,K5843,Krampus Complete Bike - Dark Black,,Black,1499.00,1499.00,1020.00,,TW,No,EA,46.20,58.25,9.50,31.25,No,Surly Krampus Complete Bike MD Dark Black,,,,
BK1523,708752224247,Mountain Bike,Surly,K5843,Krampus Complete Bike - Dark Black,,Black,1499.00,1499.00,1020.00,,TW,No,EA,46.45,58.25,9.50,31.25,No,Surly Krampus Complete Bike LG Dark Black,,,,
BK1524,708752224254,Mountain Bike,Surly,K5843,Krampus Complete Bike - Dark Black,,Black,1499.00,1499.00,1020.00,,TW,No,EA,46.70,58.25,9.50,31.25,No,Surly Krampus Complete Bike XL Dark Black,,,,
BK1621,708752140240,Fat Bike,Surly,K3823,Ice Cream Truck Banana Candy Yellow,,Banana Candy ,1999.00,1999.00,1360.00,,TW,No,EA,45.00,56.00,12.00,31.00,No,Surly Ice Cream Truck Bike: Banana Candy Yellow SM,,,,
BK1622,708752140196,Fat Bike,Surly,K3823,Ice Cream Truck Banana Candy Yellow,,Banana Candy ,1999.00,1999.00,1360.00,,TW,No,EA,45.00,56.00,31.00,12.00,No,Surly Ice Cream Truck Bike: Banana Candy Yellow MD,,,,
BK1623,708752140141,Fat Bike,Surly,K3823,Ice Cream Truck Banana Candy Yellow,,Banana Candy ,1999.00,1999.00,1360.00,,TW,No,EA,50.00,56.75,32.00,11.25,No,Surly Ice Cream Truck Bike: Banana Candy Yellow LG,,,,
BK1624,708752140097,Fat Bike,Surly,K3823,Ice Cream Truck Banana Candy Yellow,,Banana Candy ,1999.00,1999.00,1360.00,,TW,No,EA,45.00,56.00,31.00,12.00,No,Surly Ice Cream Truck Bike: Banana Candy Yellow XL,,,,
BK1870,708752197060,Cyclocross Bike,Surly,K5866,Straggler 650b Bike - Blueberry Muffin ,,Blueberry ,1549.00,1549.00,1050.00,,TW,No,EA,34.80,52.00,9.00,30.00,No,Surly Straggler 650b Complete Bike 38cm Blueberry Muffin Top,,,,
BK1871,708752197084,Cyclocross Bike,Surly,K5866,Straggler 650b Bike - Blueberry Muffin ,,Blueberry ,1549.00,1549.00,1050.00,,TW,No,EA,33.80,52.50,8.25,29.25,No,Surly Straggler 650b Complete Bike 42cm Blueberry Muffin Top,,,,
BK1872,708752197107,Cyclocross Bike,Surly,K5866,Straggler 650b Bike - Blueberry Muffin ,,Blueberry ,1549.00,1549.00,1050.00,,TW,No,EA,34.00,53.00,30.00,8.00,No,Surly Straggler 650b Complete Bike 46cm Blueberry Muffin Top,,,,
BK1873,708752197121,Cyclocross Bike,Surly,K5866,Straggler 650b Bike - Blueberry Muffin ,,Blueberry ,1549.00,1549.00,1050.00,,TW,No,EA,30.00,54.00,32.00,8.00,No,Surly Straggler 650b Complete Bike 50cm Blueberry Muffin Top,,,,
BK1880,708752197145,Cyclocross Bike,Surly,K6090,Straggler 700c Bike - Blueberry Muffin T,,Blueberry ,1549.00,1549.00,1050.00,,TW,No,EA,30.00,54.00,32.00,8.00,No,Surly Straggler 700c Complete Bike 52cm Blueberry Muffin Top,,,,
BK1881,708752197169,Cyclocross Bike,Surly,K6090,Straggler 700c Bike - Blueberry Muffin T,,Blueberry ,1549.00,1549.00,1050.00,,TW,No,EA,30.00,54.00,32.00,8.00,No,Surly Straggler 700c Complete Bike 54cm Blueberry Muffin Top,,,,
BK1882,708752197183,Cyclocross Bike,Surly,K6090,Straggler 700c Bike - Blueberry Muffin T,,Blueberry ,1549.00,1549.00,1050.00,,TW,No,EA,30.00,54.00,32.00,8.00,No,Surly Straggler 700c Complete Bike 56cm Blueberry Muffin Top,,,,
BK1883,708752197206,Cyclocross Bike,Surly,K6090,Straggler 700c Bike - Blueberry Muffin T,,Blueberry ,1549.00,1549.00,1050.00,,TW,No,EA,30.00,54.00,8.00,32.00,No,Surly Straggler 700c Complete Bike 58cm Blueberry Muffin Top,,,,
BK1884,708752197220,Cyclocross Bike,Surly,K6090,Straggler 700c Bike - Blueberry Muffin T,,Blueberry ,1549.00,1549.00,1050.00,,TW,No,EA,30.00,54.00,32.00,8.00,No,Surly Straggler 700c Complete Bike 60cm Blueberry Muffin Top,,,,
BK1885,708752197244,Cyclocross Bike,Surly,K6090,Straggler 700c Bike - Blueberry Muffin T,,Blueberry ,1549.00,1549.00,1050.00,,TW,No,EA,30.00,54.00,8.00,32.00,No,Surly Straggler 700c Complete Bike 62cm Blueberry Muffin Top,,,,
BK2052,708752130401,Cyclocross Bike,Surly,K6460,Straggler 700c Black,,Black,1549.00,1549.00,1050.00,BK2052,TW,No,EA,30.00,54.00,32.00,8.00,No,Surly Straggler 700c Complete Bike 52cm Apex Black,,,,
BK2054,708752130395,Cyclocross Bike,Surly,K6460,Straggler 700c Black,,Black,1549.00,1549.00,1050.00,BK2054,TW,No,EA,35.26,53.00,30.50,8.00,No,Surly Straggler 700c Complete Bike 54cm Apex Black,,,,
BK2056,708752130388,Cyclocross Bike,Surly,K6460,Straggler 700c Black,,Black,1549.00,1549.00,1050.00,BK2056,TW,No,EA,30.00,54.00,32.00,8.00,No,Surly Straggler 700c Complete Bike 56cm Apex Black,,,,
BK2060,708752130364,Cyclocross Bike,Surly,K6460,Straggler 700c Black,,Black,1549.00,1549.00,1050.00,BK2060,TW,No,EA,30.00,54.00,32.00,8.00,No,Surly Straggler 700c Complete Bike 60cm Apex Black,,,,
BK2210,708752130333,Fat Bike,Surly,K4769,Wednesday Complete Bike - Trevor's ,,Black,1499.00,1499.00,1020.00,,TW,No,EA,51.00,57.00,12.00,32.00,No,Surly Wednesday Complete Bike XS Trevor's Closet Black,,,,
BK2211,708752130326,Fat Bike,Surly,K4769,Wednesday Complete Bike - Trevor's ,,Black,1499.00,1499.00,1020.00,,TW,No,EA,51.00,57.00,12.00,32.00,No,Surly Wednesday Complete Bike SM Trevor's Closet Black,,,2018-04-28,
BK2212,708752130319,Fat Bike,Surly,K4769,Wednesday Complete Bike - Trevor's ,,Black,1499.00,1499.00,1020.00,,TW,No,EA,51.00,57.00,12.00,32.00,No,Surly Wednesday Complete Bike MD Trevor's Closet Black,,,,
BK2213,708752130302,Fat Bike,Surly,K4769,Wednesday Complete Bike - Trevor's ,,Black,1499.00,1499.00,1020.00,,TW,No,EA,51.00,57.00,12.00,32.00,No,Surly Wednesday Complete Bike LG Trevor's Closet Black,,,,
BK2214,708752130296,Fat Bike,Surly,K4769,Wednesday Complete Bike - Trevor's ,,Black,1499.00,1499.00,1020.00,,TW,No,EA,51.00,57.00,12.00,32.00,No,Surly Wednesday Complete Bike XL Trevor's Closet Black,,,2018-04-27,
BK2221,708752152465,Fat Bike,Surly,K4590,Wednesday Complete Bike - Calimocho ,,Bloody Red,1499.00,1499.00,1020.00,,TW,No,EA,51.00,57.00,12.00,32.00,No,Surly Wednesday Complete Bike SM Calimocho Red,,,,
BK2222,708752152397,Fat Bike,Surly,K4590,Wednesday Complete Bike - Calimocho ,,Bloody Red,1499.00,1499.00,1020.00,,TW,No,EA,51.00,57.00,12.00,32.00,No,Surly Wednesday Complete Bike MD Calimocho Red,,,2018-05-02,
BK2223,708752152328,Fat Bike,Surly,K4590,Wednesday Complete Bike - Calimocho ,,Bloody Red,1499.00,1499.00,1020.00,,TW,No,EA,51.00,57.00,12.00,32.00,No,Surly Wednesday Complete Bike LG Calimocho Red,,,,
BK2224,708752152250,Fat Bike,Surly,K4590,Wednesday Complete Bike - Calimocho ,,Bloody Red,1499.00,1499.00,1020.00,,TW,No,EA,51.00,57.00,12.00,32.00,No,Surly Wednesday Complete Bike XL Calimocho Red,,,,
BK2856,,Touring Bike,Surly,K3747,Long Haul Trucker 700c Grandpa's ,,Grandpa's ,1275.00,1275.00,865.00,,TW,No,,34.50,54.00,8.00,32.00,No,Surly Long Haul Trucker Complete Bike 56cm 700c Grandpa's Thermos,,,,
BK2858,,Touring Bike,Surly,K3747,Long Haul Trucker 700c Grandpa's ,,Grandpa's ,1275.00,1275.00,865.00,,TW,No,,34.50,54.00,8.00,32.00,No,Surly Long Haul Trucker Complete Bike 58cm 700c Grandpa's Thermos,,,,
BK2860,,Touring Bike,Surly,K3747,Long Haul Trucker 700c Grandpa's ,,Grandpa's ,1275.00,1275.00,865.00,,TW,No,,34.50,54.00,8.00,32.00,No,Surly Long Haul Trucker Complete Bike 60cm 700c Grandpa's Thermos,,,,
BK2862,,Touring Bike,Surly,K3747,Long Haul Trucker 700c Grandpa's ,,,1275.00,1275.00,865.00,,TW,No,,34.50,54.00,8.00,32.00,No,Surly Long Haul Trucker Complete Bike 62cm 700c Grandpa's Thermos,,,,
BK2942,,Touring Bike,Surly,K4478,"Long Haul Trucker 26"" Grandpa's ",,Grandpa's ,1275.00,1275.00,865.00,,TW,No,,34.50,54.00,8.00,32.00,No,Surly Long Haul Trucker Complete Bike 42cm 26 Grandpa's Thermos,,,,
BK2946,,Touring Bike,Surly,K4478,"Long Haul Trucker 26"" Grandpa's ",,Grandpa's ,1275.00,1275.00,865.00,,TW,No,,34.50,54.00,8.00,32.00,No,Surly Long Haul Trucker Complete Bike 46cm 26 Grandpa's Thermos,,,,
BK2950,,Touring Bike,Surly,K4478,"Long Haul Trucker 26"" Grandpa's ",,Grandpa's ,1275.00,1275.00,865.00,,TW,No,,37.75,53.00,8.00,31.00,No,Surly Long Haul Trucker Complete Bike 50cm 26 Grandpa's Thermos,,,2018-05-01,
BK2952,,Touring Bike,Surly,K4478,"Long Haul Trucker 26"" Grandpa's ",,Grandpa's ,1275.00,1275.00,865.00,,TW,No,,34.50,54.00,8.00,32.00,No,Surly Long Haul Trucker Complete Bike 52cm 26 Grandpa's Thermos,,,,
BK2954,,Touring Bike,Surly,K4478,"Long Haul Trucker 26"" Grandpa's ",,Grandpa's ,1275.00,1275.00,865.00,,TW,No,,38.05,53.50,8.25,31.00,No,Surly Long Haul Trucker Complete Bike 54cm 26 Grandpa's Thermos,,,,
BK2956,,Touring Bike,Surly,K4478,"Long Haul Trucker 26"" Grandpa's ",,Grandpa's ,1275.00,1275.00,865.00,,TW,No,,34.50,54.00,8.00,32.00,No,Surly Long Haul Trucker Complete Bike 56cm 26 Grandpa's Thermos,,,,
BK2958,,Touring Bike,Surly,K4478,"Long Haul Trucker 26"" Grandpa's ",,Grandpa's ,1275.00,1275.00,865.00,,TW,No,,34.50,54.00,8.00,32.00,No,Surly Long Haul Trucker Complete Bike 58cm 26 Grandpa's Thermos,,,,
BK3000,708752184411,Touring Bike,Surly,K5498,"Disc Trucker 26"" Hi-Viz Black",,Hi-Viz Black,1449.00,1449.00,985.00,,TW,No,EA,30.00,54.00,8.00,32.00,No,Surly Disc Trucker Bike 42cm 26 Hi-Viz Black,,,,
BK3001,708752184435,Touring Bike,Surly,K5498,"Disc Trucker 26"" Hi-Viz Black",,Hi-Viz Black,1449.00,1449.00,985.00,,TW,No,EA,30.00,54.00,8.00,32.00,No,Surly Disc Trucker Bike 46cm 26 Hi-Viz Black,,,,
BK3002,708752184459,Touring Bike,Surly,K5498,"Disc Trucker 26"" Hi-Viz Black",,Hi-Viz Black,1449.00,1449.00,985.00,,TW,No,EA,30.00,54.00,8.00,32.00,No,Surly Disc Trucker Bike 50cm 26 Hi-Viz Black,,,,
BK3003,708752184473,Touring Bike,Surly,K5498,"Disc Trucker 26"" Hi-Viz Black",,Hi-Viz Black,1449.00,1449.00,985.00,,TW,No,EA,30.00,54.00,8.00,32.00,No,Surly Disc Trucker Bike 52cm 26 Hi-Viz Black,,,,
BK3004,708752184497,Touring Bike,Surly,K5498,"Disc Trucker 26"" Hi-Viz Black",,Hi-Viz Black,1449.00,1449.00,985.00,,TW,No,EA,30.00,54.00,8.00,32.00,No,Surly Disc Trucker Bike 54cm 26 Hi-Viz Black,,,,
BK3005,708752184510,Touring Bike,Surly,K5498,"Disc Trucker 26"" Hi-Viz Black",,Hi-Viz Black,1449.00,1449.00,985.00,,TW,No,EA,30.00,54.00,8.00,32.00,No,Surly Disc Trucker Bike 56cm 26 Hi-Viz Black,,,,
BK3006,708752184534,Touring Bike,Surly,K5498,"Disc Trucker 26"" Hi-Viz Black",,Hi-Viz Black,1449.00,1449.00,985.00,,TW,No,EA,30.00,54.00,8.00,32.00,No,Surly Disc Trucker Bike 58cm 26 Hi-Viz Black,,,,
BK3010,708752184558,Touring Bike,Surly,K5605,"Disc Trucker 26"" Bituminous Gray Bike",,Bituminous ,1449.00,1449.00,985.00,,TW,No,EA,37.65,52.00,29.25,8.00,No,Surly Disc Trucker Bike 42cm 26 Bituminous Gray,,,,
BK3011,708752184572,Touring Bike,Surly,K5605,"Disc Trucker 26"" Bituminous Gray Bike",,Bituminous ,1449.00,1449.00,985.00,,TW,No,EA,37.40,53.00,8.00,29.00,No,Surly Disc Trucker Bike 46cm 26 Bituminous Gray,,,,
BK3012,708752184596,Touring Bike,Surly,K5605,"Disc Trucker 26"" Bituminous Gray Bike",,Bituminous ,1449.00,1449.00,985.00,,TW,No,EA,38.10,52.75,29.00,7.75,No,Surly Disc Trucker Bike 50cm 26 Bituminous Gray,,,,
BK3013,708752184619,Touring Bike,Surly,K5605,"Disc Trucker 26"" Bituminous Gray Bike",,Bituminous ,1449.00,1449.00,985.00,,TW,No,EA,38.15,52.75,29.00,7.75,No,Surly Disc Trucker Bike 52cm 26 Bituminous Gray,,,,
BK3014,708752184633,Touring Bike,Surly,K5605,"Disc Trucker 26"" Bituminous Gray Bike",,Bituminous ,1449.00,1449.00,985.00,,TW,No,EA,38.35,53.50,29.00,7.75,No,Surly Disc Trucker Bike 54cm 26 Bituminous Gray,,,2018-04-26,
BK3015,708752184657,Touring Bike,Surly,K5605,"Disc Trucker 26"" Bituminous Gray Bike",,Bituminous ,1449.00,1449.00,985.00,,TW,No,EA,39.30,53.75,32.25,7.75,No,Surly Disc Trucker Bike 56cm 26 Bituminous Gray,,,,
BK3016,708752184671,Touring Bike,Surly,K5605,"Disc Trucker 26"" Bituminous Gray Bike",,Bituminous ,1449.00,1449.00,985.00,,TW,No,EA,39.50,54.50,32.00,7.75,No,Surly Disc Trucker Bike 58cm 26 Bituminous Gray,,,,
BK3042,708752130111,Touring Bike,Surly,K3474,"Disc Trucker 26"" Brilliant Blue",,Brilliant Blue,1449.00,1449.00,975.00,BK3042,TW,No,EA,30.00,54.00,32.00,8.00,No,Surly Disc Trucker Complete Bike 42cm 26 Brilliant Blue,,,,
BK3105,708752184695,Touring Bike,Surly,K5499,Disc Trucker 700c Hi-Viz Black,,Hi-Viz Black,1449.00,1449.00,985.00,,TW,No,EA,30.00,54.00,8.00,32.00,No,Surly Disc Trucker Bike 56cm 700c Hi-Viz Black,,,,
BK3106,708752184718,Touring Bike,Surly,K5499,Disc Trucker 700c Hi-Viz Black,,Hi-Viz Black,1449.00,1449.00,985.00,,TW,No,EA,30.00,54.00,8.00,32.00,No,Surly Disc Trucker Bike 58cm 700c Hi-Viz Black,,,,
BK3107,708752184732,Touring Bike,Surly,K5499,Disc Trucker 700c Hi-Viz Black,,Hi-Viz Black,1449.00,1449.00,985.00,,TW,No,EA,30.00,54.00,8.00,32.00,No,Surly Disc Trucker Bike 60cm 700c Hi-Viz Black,,,,
BK3108,708752184756,Touring Bike,Surly,K5499,Disc Trucker 700c Hi-Viz Black,,Hi-Viz Black,1449.00,1449.00,985.00,,TW,No,EA,30.00,54.00,8.00,32.00,No,Surly Disc Trucker Bike 62cm 700c Hi-Viz Black,,,,
BK3109,708752184770,Touring Bike,Surly,K5499,Disc Trucker 700c Hi-Viz Black,,Hi-Viz Black,1449.00,1449.00,985.00,,TW,No,EA,30.00,54.00,8.00,32.00,No,Surly Disc Trucker Bike 64cm 700c Hi-Viz Black,,,,
BK3115,708752184794,Touring Bike,Surly,K5608,Disc Trucker 700c Bituminous Gray Bike,,Bituminous ,1449.00,1449.00,985.00,,TW,No,EA,30.00,54.00,32.00,8.00,No,Surly Disc Trucker Bike 56cm 700c Bituminous Gray,,,,
BK3116,708752184817,Touring Bike,Surly,K5608,Disc Trucker 700c Bituminous Gray Bike,,Bituminous ,1449.00,1449.00,985.00,,TW,No,EA,30.00,54.00,32.00,8.00,No,Surly Disc Trucker Bike 58cm 700c Bituminous Gray,,,2018-05-02,
BK3117,708752184831,Touring Bike,Surly,K5608,Disc Trucker 700c Bituminous Gray Bike,,Bituminous ,1449.00,1449.00,985.00,,TW,No,EA,30.00,54.00,32.00,8.00,No,Surly Disc Trucker Bike 60cm 700c Bituminous Gray,,,,
BK3118,708752184855,Touring Bike,Surly,K5608,Disc Trucker 700c Bituminous Gray Bike,,Bituminous ,1449.00,1449.00,985.00,,TW,No,EA,30.00,54.00,32.00,8.00,No,Surly Disc Trucker Bike 62cm 700c Bituminous Gray,,,,
BK3119,708752184879,Touring Bike,Surly,K5608,Disc Trucker 700c Bituminous Gray Bike,,Bituminous ,1449.00,1449.00,985.00,,TW,No,EA,30.00,54.00,32.00,8.00,No,Surly Disc Trucker Bike 64cm 700c Bituminous Gray,,,,
BK3220,708752136939,Cargo Bike,Surly,K3788,Big Dummy Soil Ant Green,,cav_master_col,2099.00,2099.00,1425.00,04-CB-,TW,No,EA,60.00,69.00,27.00,13.00,No,Surly Big Dummy Bike SM Soil Ant Green,,,,
BK3220,708752136939,Cargo Bike,Surly,K3788,Big Dummy Soil Ant Green,,Soil Ant Green,2099.00,2099.00,1425.00,04-CB-,TW,No,EA,60.00,69.00,27.00,13.00,No,Surly Big Dummy Bike SM Soil Ant Green,,,,
BK3221,708752136878,Cargo Bike,Surly,K3788,Big Dummy Soil Ant Green,,cav_master_col,2099.00,2099.00,1425.00,04-CB-,TW,No,EA,60.00,71.00,27.00,12.50,No,Surly Big Dummy Bike MD Soil Ant Green,,,,
BK3221,708752136878,Cargo Bike,Surly,K3788,Big Dummy Soil Ant Green,,Soil Ant Green,2099.00,2099.00,1425.00,04-CB-,TW,No,EA,60.00,71.00,27.00,12.50,No,Surly Big Dummy Bike MD Soil Ant Green,,,,
BK3230,708752183094,Cargo Bike,Surly,K5477,Big Dummy Blacktacular,,Black,2099.00,2099.00,1425.00,,TW,No,EA,60.00,71.00,28.00,13.00,No,Surly Big Dummy Complete Bike SM Blacktacular,,,,
BK3230,708752183094,Cargo Bike,Surly,K5477,Big Dummy Blacktacular,,Blacktacular,2099.00,2099.00,1425.00,,TW,No,EA,60.00,71.00,28.00,13.00,No,Surly Big Dummy Complete Bike SM Blacktacular,,,,
BK3231,708752183117,Cargo Bike,Surly,K5477,Big Dummy Blacktacular,,Black,2099.00,2099.00,1425.00,,TW,No,EA,60.00,71.00,28.00,13.00,No,Surly Big Dummy Complete Bike MD Blacktacular,,,,
BK3231,708752183117,Cargo Bike,Surly,K5477,Big Dummy Blacktacular,,Blacktacular,2099.00,2099.00,1425.00,,TW,No,EA,60.00,71.00,28.00,13.00,No,Surly Big Dummy Complete Bike MD Blacktacular,,,,
BK3232,708752183131,Cargo Bike,Surly,K5477,Big Dummy Blacktacular,,Black,2099.00,2099.00,1425.00,,TW,No,EA,66.50,73.00,29.00,12.00,No,Surly Big Dummy Complete Bike LG Blacktacular,,,,
BK3232,708752183131,Cargo Bike,Surly,K5477,Big Dummy Blacktacular,,Blacktacular,2099.00,2099.00,1425.00,,TW,No,EA,66.50,73.00,29.00,12.00,No,Surly Big Dummy Complete Bike LG Blacktacular,,,,
BK3233,708752183155,Cargo Bike,Surly,K5477,Big Dummy Blacktacular,,Black,2099.00,2099.00,1425.00,,TW,No,EA,60.00,73.00,29.00,13.00,No,Surly Big Dummy Complete Bike XL Blacktacular,,,,
BK3233,708752183155,Cargo Bike,Surly,K5477,Big Dummy Blacktacular,,Blacktacular,2099.00,2099.00,1425.00,,TW,No,EA,60.00,73.00,29.00,13.00,No,Surly Big Dummy Complete Bike XL Blacktacular,,,,
BK3240,,Cargo Bike,Surly,K3748,Big Fat Dummy Tank Green,,cav_master_col,2950.00,2950.00,2000.00,,TW,No,,78.00,78.00,13.00,30.00,No,Surly Big Fat Dummy Complete Bike SM Tank Green,,,,
BK3240,,Cargo Bike,Surly,K3748,Big Fat Dummy Tank Green,,Tank Green,2950.00,2950.00,2000.00,,TW,No,,78.00,78.00,13.00,30.00,No,Surly Big Fat Dummy Complete Bike SM Tank Green,,,,
BK3241,,Cargo Bike,Surly,K3748,Big Fat Dummy Tank Green,,cav_master_col,2950.00,2950.00,2000.00,,TW,No,,78.00,78.00,13.00,30.00,No,Surly Big Fat Dummy Complete Bike MD Tank Green,,,,
BK3241,,Cargo Bike,Surly,K3748,Big Fat Dummy Tank Green,,Tank Green,2950.00,2950.00,2000.00,,TW,No,,78.00,78.00,13.00,30.00,No,Surly Big Fat Dummy Complete Bike MD Tank Green,,,,
BK3242,,Cargo Bike,Surly,K3748,Big Fat Dummy Tank Green,,cav_master_col,2950.00,2950.00,2000.00,,TW,No,,78.00,78.00,13.00,30.00,No,Surly Big Fat Dummy Complete Bike LG Tank Green,,,,
BK3242,,Cargo Bike,Surly,K3748,Big Fat Dummy Tank Green,,Tank Green,2950.00,2950.00,2000.00,,TW,No,,78.00,78.00,13.00,30.00,No,Surly Big Fat Dummy Complete Bike LG Tank Green,,,,
BK3255,708752184893,Cargo Bike,Surly,K6111,Big Fat Dummy Bliolet,,Biolet,2950.00,2950.00,2000.00,,TW,No,EA,75.00,79.00,15.00,30.00,No,Surly Big Fat Dummy Complete Bike SM Bliolet,,,,
BK3256,708752184916,Cargo Bike,Surly,K6111,Big Fat Dummy Bliolet,,Biolet,2950.00,2950.00,2000.00,,TW,No,EA,75.00,79.00,15.00,30.00,No,Surly Big Fat Dummy Complete Bike MD Bliolet,,,,
BK3257,708752184930,Cargo Bike,Surly,K6111,Big Fat Dummy Bliolet,,Biolet,2950.00,2950.00,2000.00,,TW,No,EA,75.00,77.00,14.00,30.00,No,Surly Big Fat Dummy Complete Bike LG Bliolet,,,,
BK3790,708752183179,Mountain Bike,Surly,K5532,Karate Monkey 27.5+ Hi-Viz  Black,,Hi-Viz Black,1499.00,1499.00,1020.00,,TW,No,EA,44.00,55.00,9.50,31.50,No,Surly Karate Monkey 27.5+ Bike XS Hi-Viz Black,,,,
BK3791,708752183193,Mountain Bike,Surly,K5532,Karate Monkey 27.5+ Hi-Viz  Black,,Hi-Viz Black,1499.00,1499.00,1020.00,,TW,No,EA,44.60,56.00,32.50,9.75,No,Surly Karate Monkey 27.5+ Bike SM Hi-Viz Black,,,,
BK3792,708752183216,Mountain Bike,Surly,K5532,Karate Monkey 27.5+ Hi-Viz  Black,,Hi-Viz Black,1499.00,1499.00,1020.00,,TW,No,EA,44.65,57.00,32.00,9.75,No,Surly Karate Monkey 27.5+ Bike MD Hi-Viz Black,,,,
BK3793,708752183230,Mountain Bike,Surly,K5532,Karate Monkey 27.5+ Hi-Viz  Black,,Hi-Viz Black,1499.00,1499.00,1020.00,,TW,No,EA,45.40,57.50,32.50,9.75,No,Surly Karate Monkey 27.5+ Bike LG Hi-Viz Black,,,,
BK3794,708752183254,Mountain Bike,Surly,K5532,Karate Monkey 27.5+ Hi-Viz  Black,,Hi-Viz Black,1499.00,1499.00,1020.00,,TW,No,EA,45.90,59.00,32.00,9.75,No,Surly Karate Monkey 27.5+ Bike XL Hi-Viz Black,,,,
BK3862,708752079076,Touring Bike,Surly,27204,"Long Haul Trucker 26"" Smog Silver",,Smog Silver,1275.00,1275.00,865.00,,TW,No,EA,39.00,55.00,33.00,9.00,No,Surly Long Haul Trucker Complete Bike 62cm 26 Smog Silver 9 Speed,,,,
BK5342,708752143074,City Bike,Surly,K4041,Cross Check Flat Bar Urban DeGray,,Urban DeGray,899.00,899.00,610.00,,TW,No,EA,34.50,54.00,8.00,32.00,No,Surly Cross Check Bike 42cm Urban DeGray,,,,
BK5346,708752143029,City Bike,Surly,K4041,Cross Check Flat Bar Urban DeGray,,Urban DeGray,899.00,899.00,610.00,,TW,No,EA,34.50,54.00,8.00,32.00,No,Surly Cross Check Bike 46cm Urban DeGray,,,,
BK5350,708752142978,City Bike,Surly,K4041,Cross Check Flat Bar Urban DeGray,,Urban DeGray,899.00,899.00,610.00,,TW,No,EA,34.50,54.00,8.00,32.00,No,Surly Cross Check Bike 50cm Urban DeGray,,,,
BK5354,708752142879,City Bike,Surly,K4041,Cross Check Flat Bar Urban DeGray,,Urban DeGray,899.00,899.00,610.00,,TW,No,EA,34.50,54.00,8.00,32.00,No,Surly Cross Check Bike 54cm Urban DeGray,,,,
BK5356,708752142824,City Bike,Surly,K4041,Cross Check Flat Bar Urban DeGray,,Urban DeGray,899.00,899.00,610.00,,TW,No,EA,34.50,54.00,8.00,32.00,No,Surly Cross Check Bike 56cm Urban DeGray,,,2018-04-27,
BK5364,708752142626,City Bike,Surly,K4041,Cross Check Flat Bar Urban DeGray,,DeGray,899.00,899.00,610.00,,TW,No,EA,34.50,54.00,8.00,32.00,No,Surly Cross Check Bike 64cm Urban DeGray,,,,
BK5364,708752142626,City Bike,Surly,K4041,Cross Check Flat Bar Urban DeGray,,Urban DeGray,899.00,899.00,610.00,,TW,No,EA,34.50,54.00,8.00,32.00,No,Surly Cross Check Bike 64cm Urban DeGray,,,,
BK5550,708752107021,Touring Bike,Surly,K6121,"Long Haul Trucker 26"" Black",,Black,1275.00,1275.00,850.00,BK5550,TW,No,EA,34.50,54.00,32.00,8.00,No,Surly Long Haul Trucker Complete Bike 50cm 26  Black 10-Speed,,,,
BK6342,708752107151,Touring Bike,Surly,K1382,"Long Haul Trucker 26"" Cakipants",,Cakipants,1275.00,1275.00,865.00,BK6342,TW,No,EA,35.00,52.75,30.25,7.75,No,Surly Long Haul Trucker Complete Bike 42cm 26 Cakipants 10 Speed,,,,
BK6346,708752107168,Touring Bike,Surly,K1382,"Long Haul Trucker 26"" Cakipants",,Cakipants,1275.00,1275.00,865.00,BK6346,TW,No,EA,34.50,54.00,32.00,8.00,No,Surly Long Haul Trucker Complete Bike 46cm 26 Cakipants 10 Speed,,,,
BK6358,708752107212,Touring Bike,Surly,K1382,"Long Haul Trucker 26"" Cakipants",,Cakipants,1275.00,1275.00,865.00,BK6358,TW,No,EA,34.50,54.00,32.00,8.00,No,Surly Long Haul Trucker Complete Bike 58cm 26 Cakipants 10 Speed,,,,
BK7300,,Touring Bike,Surly,K4482,"Long Haul Trucker 26"" Blacktacular",,Black,1275.00,1275.00,865.00,,TW,No,,34.50,54.00,8.00,32.00,No,Surly Long Haul Trucker Complete Bike 42cm 26 Blacktacular,,,,
BK7301,,Touring Bike,Surly,K4482,"Long Haul Trucker 26"" Blacktacular",,Black,1275.00,1275.00,865.00,,TW,No,,36.40,53.00,8.00,30.25,No,Surly Long Haul Trucker Complete Bike 46cm 26 Blacktacular,,,2018-05-01,
BK7302,,Touring Bike,Surly,K4482,"Long Haul Trucker 26"" Blacktacular",,Black,1275.00,1275.00,865.00,,TW,No,,36.75,52.50,8.25,30.25,No,Surly Long Haul Trucker Complete Bike 50cm 26 Blacktacular,,,,
BK7303,,Touring Bike,Surly,K4482,"Long Haul Trucker 26"" Blacktacular",,Black,1275.00,1275.00,865.00,,TW,No,,34.50,54.00,8.00,32.00,No,Surly Long Haul Trucker Complete Bike 52cm 26 Blacktacular,,,,
BK7304,,Touring Bike,Surly,K4482,"Long Haul Trucker 26"" Blacktacular",,Black,1275.00,1275.00,865.00,,TW,No,,34.50,54.00,8.00,32.00,No,Surly Long Haul Trucker Complete Bike 54cm 26 Blacktacular,,,,
BK7305,,Touring Bike,Surly,K4482,"Long Haul Trucker 26"" Blacktacular",,Black,1275.00,1275.00,865.00,,TW,No,,38.00,55.50,8.00,33.00,No,Surly Long Haul Trucker Complete Bike 56cm 26 Blacktacular,,,2018-04-28,
BK7306,,Touring Bike,Surly,K4482,"Long Haul Trucker 26"" Blacktacular",,Black,1275.00,1275.00,865.00,,TW,No,,34.50,54.00,8.00,32.00,No,Surly Long Haul Trucker Complete Bike 58cm 26 Blacktacular,,,,
BK7315,,Touring Bike,Surly,K4589,Long Haul Trucker 700c Blacktacular,,Black,1275.00,1275.00,865.00,,TW,No,,34.50,54.00,8.00,32.00,No,Surly Long Haul Trucker Complete Bike 56cm 700c Blacktacular,,,,
BK7316,,Touring Bike,Surly,K4589,Long Haul Trucker 700c Blacktacular,,Black,1275.00,1275.00,865.00,,TW,No,,34.50,54.00,8.00,32.00,No,Surly Long Haul Trucker Complete Bike 58cm 700c Blacktacular,,,,
BK7317,,Touring Bike,Surly,K4589,Long Haul Trucker 700c Blacktacular,,Black,1275.00,1275.00,865.00,,TW,No,,34.50,54.00,8.00,32.00,No,Surly Long Haul Trucker Complete Bike 60cm 700c Blacktacular,,,,
BK7318,,Touring Bike,Surly,K4589,Long Haul Trucker 700c Blacktacular,,Black,1275.00,1275.00,865.00,,TW,No,,34.50,54.00,8.00,32.00,No,Surly Long Haul Trucker Complete Bike 62cm 700c Blacktacular,,,,
BK8142,,Cyclocross Bike,Surly,K4154,Cross-Check Mule Mug,,Mule Mug,1149.00,1149.00,780.00,,TW,No,,34.50,54.00,8.00,32.00,No,Surly Cross Check Complete Bike 42cm Mule Mug,,,,
BK8146,,Cyclocross Bike,Surly,K4154,Cross-Check Mule Mug,,Mule Mug,1149.00,1149.00,780.00,,TW,No,,34.50,54.00,8.00,32.00,No,Surly Cross Check Complete Bike 46cm Mule Mug,,,,
BK8150,,Cyclocross Bike,Surly,K4154,Cross-Check Mule Mug,,Mule Mug,1149.00,1149.00,780.00,,TW,No,,34.50,54.00,8.00,32.00,No,Surly Cross Check Complete Bike 50cm Mule Mug,,,,
BK8152,,Cyclocross Bike,Surly,K4154,Cross-Check Mule Mug,,Mule Mug,1149.00,1149.00,780.00,,TW,No,,34.50,54.00,8.00,32.00,No,Surly Cross Check Complete Bike 52cm Mule Mug,,,2018-04-28,
BK8154,,Cyclocross Bike,Surly,K4154,Cross-Check Mule Mug,,Mule Mug,1149.00,1149.00,780.00,,TW,No,,34.50,54.00,8.00,32.00,No,Surly Cross Check Complete Bike 54cm Mule Mug,,,2018-04-28,
BK8156,,Cyclocross Bike,Surly,K4154,Cross-Check Mule Mug,,Mule Mug,1149.00,1149.00,780.00,,TW,No,,34.50,54.00,8.00,32.00,No,Surly Cross Check Complete Bike 56cm Mule Mug,,,,
BK8158,,Cyclocross Bike,Surly,K4154,Cross-Check Mule Mug,,Mule Mug,1149.00,1149.00,780.00,,TW,No,,35.30,54.00,8.00,31.50,No,Surly Cross Check Complete Bike 58cm Mule Mug,,,,
BK8160,,Cyclocross Bike,Surly,K4154,Cross-Check Mule Mug,,Mule Mug,1149.00,1149.00,780.00,,TW,No,,34.50,54.00,8.00,32.00,No,Surly Cross Check Complete Bike 60cm Mule Mug,,,,
BK8162,,Cyclocross Bike,Surly,K4154,Cross-Check Mule Mug,,Mule Mug,1149.00,1149.00,780.00,,TW,No,,34.50,54.00,8.00,32.00,No,Surly Cross Check Complete Bike 62cm Mule Mug,,,,
BK8164,,Cyclocross Bike,Surly,K4154,Cross-Check Mule Mug,,Mule Mug,1149.00,1149.00,780.00,,TW,No,,36.15,54.25,7.75,33.50,No,Surly Cross Check Complete Bike 64cm Mule Mug,,,,
BK8200,708752184107,City Bike,Surly,K5478,Cross Check Flat Bar - Black,,Black,899.00,899.00,610.00,,TW,No,EA,36.00,53.00,30.50,8.00,No,Surly Cross Check Complete Bike Flat Bar 42cm Gloss Black,,,,
BK8200,708752184107,City Bike,Surly,K5478,Cross Check Flat Bar - Black,,Gloss Black,899.00,899.00,610.00,,TW,No,EA,36.00,53.00,30.50,8.00,No,Surly Cross Check Complete Bike Flat Bar 42cm Gloss Black,,,,
BK8201,708752184121,City Bike,Surly,K5478,Cross Check Flat Bar - Black,,Black,899.00,899.00,610.00,,TW,No,EA,34.50,54.00,8.00,32.00,No,Surly Cross Check Complete Bike Flat Bar 46cm Gloss Black,,,,
BK8201,708752184121,City Bike,Surly,K5478,Cross Check Flat Bar - Black,,Gloss Black,899.00,899.00,610.00,,TW,No,EA,34.50,54.00,8.00,32.00,No,Surly Cross Check Complete Bike Flat Bar 46cm Gloss Black,,,,
BK8202,708752184145,City Bike,Surly,K5478,Cross Check Flat Bar - Black,,Black,899.00,899.00,610.00,,TW,No,EA,34.50,54.00,8.00,32.00,No,Surly Cross Check Complete Bike Flat Bar 50cm Gloss Black,,,,
BK8202,708752184145,City Bike,Surly,K5478,Cross Check Flat Bar - Black,,Gloss Black,899.00,899.00,610.00,,TW,No,EA,34.50,54.00,8.00,32.00,No,Surly Cross Check Complete Bike Flat Bar 50cm Gloss Black,,,,
BK8203,708752184169,City Bike,Surly,K5478,Cross Check Flat Bar - Black,,Black,899.00,899.00,610.00,,TW,No,EA,36.40,53.00,30.50,8.00,No,Surly Cross Check Complete Bike Flat Bar 52cm Gloss Black,,,,
BK8203,708752184169,City Bike,Surly,K5478,Cross Check Flat Bar - Black,,Gloss Black,899.00,899.00,610.00,,TW,No,EA,36.40,53.00,30.50,8.00,No,Surly Cross Check Complete Bike Flat Bar 52cm Gloss Black,,,,
BK8204,708752184183,City Bike,Surly,K5478,Cross Check Flat Bar - Black,,Black,899.00,899.00,610.00,,TW,No,EA,37.00,53.00,8.00,31.25,No,Surly Cross Check Complete Bike Flat Bar 54cm Gloss Black,,,2018-04-28,
BK8204,708752184183,City Bike,Surly,K5478,Cross Check Flat Bar - Black,,Gloss Black,899.00,899.00,610.00,,TW,No,EA,37.00,53.00,8.00,31.25,No,Surly Cross Check Complete Bike Flat Bar 54cm Gloss Black,,,2018-04-28,
BK8205,708752184206,City Bike,Surly,K5478,Cross Check Flat Bar - Black,,Black,899.00,899.00,610.00,,TW,No,EA,36.30,52.75,8.00,31.00,No,Surly Cross Check Complete Bike Flat Bar 56cm Gloss Black,,,2018-04-27,
BK8205,708752184206,City Bike,Surly,K5478,Cross Check Flat Bar - Black,,Gloss Black,899.00,899.00,610.00,,TW,No,EA,36.30,52.75,8.00,31.00,No,Surly Cross Check Complete Bike Flat Bar 56cm Gloss Black,,,2018-04-27,
BK8206,708752184220,City Bike,Surly,K5478,Cross Check Flat Bar - Black,,Black,899.00,899.00,610.00,,TW,No,EA,37.30,52.75,8.00,31.00,No,Surly Cross Check Complete Bike Flat Bar 58cm Gloss Black,,,,
BK8206,708752184220,City Bike,Surly,K5478,Cross Check Flat Bar - Black,,Gloss Black,899.00,899.00,610.00,,TW,No,EA,37.30,52.75,8.00,31.00,No,Surly Cross Check Complete Bike Flat Bar 58cm Gloss Black,,,,
BK8207,708752184244,City Bike,Surly,K5478,Cross Check Flat Bar - Black,,Black,899.00,899.00,610.00,,TW,No,EA,38.00,54.00,8.00,33.00,No,Surly Cross Check Complete Bike Flat Bar 60cm Gloss Black,,,,
BK8207,708752184244,City Bike,Surly,K5478,Cross Check Flat Bar - Black,,Gloss Black,899.00,899.00,610.00,,TW,No,EA,38.00,54.00,8.00,33.00,No,Surly Cross Check Complete Bike Flat Bar 60cm Gloss Black,,,,
BK8208,708752184268,City Bike,Surly,K5478,Cross Check Flat Bar - Black,,Black,899.00,899.00,610.00,,TW,No,EA,38.05,53.75,32.50,8.00,No,Surly Cross Check Complete Bike Flat Bar 62cm Gloss Black,,,,
BK8208,708752184268,City Bike,Surly,K5478,Cross Check Flat Bar - Black,,Gloss Black,899.00,899.00,610.00,,TW,No,EA,38.05,53.75,32.50,8.00,No,Surly Cross Check Complete Bike Flat Bar 62cm Gloss Black,,,,
BK8209,708752184282,City Bike,Surly,K5478,Cross Check Flat Bar - Black,,Black,899.00,899.00,610.00,,TW,No,EA,38.80,54.25,33.25,7.75,No,Surly Cross Check Complete Bike Flat Bar 64cm Gloss Black,,,,
BK8209,708752184282,City Bike,Surly,K5478,Cross Check Flat Bar - Black,,Gloss Black,899.00,899.00,610.00,,TW,No,EA,38.80,54.25,33.25,7.75,No,Surly Cross Check Complete Bike Flat Bar 64cm Gloss Black,,,,
BK9050,708752162037,City Bike,Surly,K4596,Steamroller Drink More Water Yellow,,Drink More ,750.00,750.00,515.00,,TW,No,EA,32.40,52.50,30.25,7.75,No,Surly Steamroller Complete Bike 49cm Drink More Water Yellow,,,,
BK9050,708752162037,City Bike,Surly,K4596,Steamroller Drink More Water Yellow,,Mustard,750.00,750.00,515.00,,TW,No,EA,32.40,52.50,30.25,7.75,No,Surly Steamroller Complete Bike 49cm Drink More Water Yellow,,,,
BK9051,708752161962,City Bike,Surly,K4596,Steamroller Drink More Water Yellow,,Drink More ,750.00,750.00,515.00,,TW,No,EA,30.00,54.00,32.00,8.00,No,Surly Steamroller Complete Bike 53cm Drink More Water Yellow,,,,
BK9051,708752161962,City Bike,Surly,K4596,Steamroller Drink More Water Yellow,,Mustard,750.00,750.00,515.00,,TW,No,EA,30.00,54.00,32.00,8.00,No,Surly Steamroller Complete Bike 53cm Drink More Water Yellow,,,,
BK9052,708752161894,City Bike,Surly,K4596,Steamroller Drink More Water Yellow,,Drink More ,750.00,750.00,515.00,,TW,No,EA,30.00,54.00,32.00,8.00,No,Surly Steamroller Complete Bike 56cm Drink More Water Yellow,,,,
BK9052,708752161894,City Bike,Surly,K4596,Steamroller Drink More Water Yellow,,Mustard,750.00,750.00,515.00,,TW,No,EA,30.00,54.00,32.00,8.00,No,Surly Steamroller Complete Bike 56cm Drink More Water Yellow,,,,
BK9053,708752161825,City Bike,Surly,K4596,Steamroller Drink More Water Yellow,,Drink More ,750.00,750.00,515.00,,TW,No,EA,30.00,54.00,32.00,8.00,No,Surly Steamroller Complete Bike 59cm Drink More Water Yellow,,,,
BK9053,708752161825,City Bike,Surly,K4596,Steamroller Drink More Water Yellow,,Mustard,750.00,750.00,515.00,,TW,No,EA,30.00,54.00,32.00,8.00,No,Surly Steamroller Complete Bike 59cm Drink More Water Yellow,,,,
BK9054,708752161757,City Bike,Surly,K4596,Steamroller Drink More Water Yellow,,Drink More ,750.00,750.00,515.00,,TW,No,EA,30.00,54.00,32.00,8.00,No,Surly Steamroller Complete Bike 62cm Drink More Water Yellow,,,,
BK9054,708752161757,City Bike,Surly,K4596,Steamroller Drink More Water Yellow,,Mustard,750.00,750.00,515.00,,TW,No,EA,30.00,54.00,32.00,8.00,No,Surly Steamroller Complete Bike 62cm Drink More Water Yellow,,,,
BK9130,708752190979,Touring Bike,Surly,K5491,ECR 27.5+ Blacktacular,,Black,1899.00,1899.00,1290.00,,TW,No,EA,44.90,55.75,10.25,31.00,No,Surly ECR 27.5+ Complete Bike Blacktacular XS,,,,
BK9130,708752190979,Touring Bike,Surly,K5491,ECR 27.5+ Blacktacular,,Blacktacular,1899.00,1899.00,1290.00,,TW,No,EA,44.90,55.75,10.25,31.00,No,Surly ECR 27.5+ Complete Bike Blacktacular XS,,,,
BK9131,708752190993,Touring Bike,Surly,K5491,ECR 27.5+ Blacktacular,,Black,1899.00,1899.00,1290.00,,TW,No,EA,45.20,55.75,9.75,31.00,No,Surly ECR 27.5+ Complete Bike Blacktacular SM,,,,
BK9131,708752190993,Touring Bike,Surly,K5491,ECR 27.5+ Blacktacular,,Blacktacular,1899.00,1899.00,1290.00,,TW,No,EA,45.20,55.75,9.75,31.00,No,Surly ECR 27.5+ Complete Bike Blacktacular SM,,,,
BK9132,708752191013,Touring Bike,Surly,K5491,ECR 27.5+ Blacktacular,,Blacktacular,1899.00,1899.00,1290.00,,TW,No,EA,44.70,55.00,31.25,9.75,No,Surly ECR 27.5+ Complete Bike Blacktacular MD,,,,
BK9133,708752191037,Touring Bike,Surly,K5492,ECR 29+ Blacktacular,,Black,1899.00,1899.00,1290.00,,TW,No,EA,46.00,56.50,32.00,9.50,No,Surly ECR 29+ Complete Bike Blacktacular MD,,,,
BK9133,708752191037,Touring Bike,Surly,K5492,ECR 29+ Blacktacular,,Blacktacular,1899.00,1899.00,1290.00,,TW,No,EA,46.00,56.50,32.00,9.50,No,Surly ECR 29+ Complete Bike Blacktacular MD,,,,
BK9134,708752191051,Touring Bike,Surly,K5492,ECR 29+ Blacktacular,,Black,1899.00,1899.00,1290.00,,TW,No,EA,46.55,58.00,32.00,10.00,No,Surly ECR 29+ Complete Bike Blacktacular LG,,,,
BK9134,708752191051,Touring Bike,Surly,K5492,ECR 29+ Blacktacular,,Blacktacular,1899.00,1899.00,1290.00,,TW,No,EA,46.55,58.00,32.00,10.00,No,Surly ECR 29+ Complete Bike Blacktacular LG,,,,
BK9135,708752191075,Touring Bike,Surly,K5492,ECR 29+ Blacktacular,,Black,1899.00,1899.00,1290.00,,TW,No,EA,47.00,58.00,32.00,10.00,No,Surly ECR 29+ Complete Bike Blacktacular XL,,,,
BK9135,708752191075,Touring Bike,Surly,K5492,ECR 29+ Blacktacular,,Blacktacular,1899.00,1899.00,1290.00,,TW,No,EA,47.00,58.00,32.00,10.00,No,Surly ECR 29+ Complete Bike Blacktacular XL,,,,
BK9142,708752107304,City Bike,Surly,K6377,Cross Check Flat Bar My Milkshake,,My Milkshake,899.00,899.00,610.00,,TW,No,EA,33.00,55.00,8.00,32.00,No,Surly Cross Check Complete Bike Flat Bar 42cm My Milkshake,,,,
BK9146,708752107311,City Bike,Surly,K6377,Cross Check Flat Bar My Milkshake,,My Milkshake,899.00,899.00,610.00,,TW,No,EA,33.00,55.00,8.00,32.00,No,Surly Cross Check Complete Bike Flat Bar 46cm My Milkshake,,,,
BK9150,708752107328,City Bike,Surly,K6377,Cross Check Flat Bar My Milkshake,,My Milkshake,899.00,899.00,610.00,,TW,No,EA,33.00,55.00,8.00,32.00,No,Surly Cross Check Complete Bike Flat Bar 50cm My Milkshake,,,,
BK9152,708752107335,City Bike,Surly,K6377,Cross Check Flat Bar My Milkshake,,My Milkshake,899.00,899.00,610.00,,TW,No,EA,33.00,55.00,8.00,32.00,No,Surly Cross Check Complete Bike Flat Bar 52cm My Milkshake,,,,
BK9154,708752107342,City Bike,Surly,K6377,Cross Check Flat Bar My Milkshake,,My Milkshake,899.00,899.00,610.00,,TW,No,EA,33.00,55.00,32.00,8.00,No,Surly Cross Check Complete Bike Flat Bar 54cm My Milkshake,,,,
BK9156,708752107359,City Bike,Surly,K6377,Cross Check Flat Bar My Milkshake,,My Milkshake,899.00,899.00,610.00,,TW,No,EA,33.00,55.00,8.00,32.00,No,Surly Cross Check Complete Bike Flat Bar 56cm My Milkshake,,,,
BK9158,708752107366,City Bike,Surly,K6377,Cross Check Flat Bar My Milkshake,,My Milkshake,899.00,899.00,610.00,,TW,No,EA,33.00,55.00,8.00,32.00,No,Surly Cross Check Complete Bike Flat Bar 58cm My Milkshake,,,,
BK9160,708752107373,City Bike,Surly,K6377,Cross Check Flat Bar My Milkshake,,My Milkshake,899.00,899.00,610.00,,TW,No,EA,33.00,55.00,8.00,32.00,No,Surly Cross Check Complete Bike Flat Bar 60cm My Milkshake,,,,
BK9162,708752107380,City Bike,Surly,K6377,Cross Check Flat Bar My Milkshake,,My Milkshake,899.00,899.00,610.00,,TW,No,EA,33.00,55.00,8.00,32.00,No,Surly Cross Check Complete Bike Flat Bar 62cm My Milkshake,,,,
BK9164,708752184305,City Bike,Surly,K6377,Cross Check Flat Bar My Milkshake,,Black,899.00,899.00,610.00,,TW,No,EA,39.30,54.50,8.00,33.50,No,Surly Cross Check Complete Bike Flat Bar 64cm My Milkshake,,,,
BK9164,708752184305,City Bike,Surly,K6377,Cross Check Flat Bar My Milkshake,,My Milkshake,899.00,899.00,610.00,,TW,No,EA,39.30,54.50,8.00,33.50,No,Surly Cross Check Complete Bike Flat Bar 64cm My Milkshake,,,,
BK9170,708752163980,Touring Bike,Surly,K4753,ECR 27.5+ Beige Pantsuit,,Beige Pantsuit,1899.00,1899.00,1290.00,,TW,No,EA,45.00,55.00,30.50,9.75,No,Surly ECR 27.5+ Complete Bike Beige Pantsuit XS,,,,
BK9171,708752163911,Touring Bike,Surly,K4753,ECR 27.5+ Beige Pantsuit,,Beige Pantsuit,1899.00,1899.00,1290.00,,TW,No,EA,46.00,56.00,31.00,8.00,No,Surly ECR 27.5+ Complete Bike Beige Pantsuit SM,,,,
BK9172,708752163843,Touring Bike,Surly,K4753,ECR 27.5+ Beige Pantsuit,,Beige Pantsuit,1899.00,1899.00,1290.00,,TW,No,EA,45.55,55.75,31.00,9.50,No,Surly ECR 27.5+ Complete Bike Beige Pantsuit MD,,,2018-04-28,
BK9173,708752163775,Touring Bike,Surly,K6150,ECR 29+ Beige Pantsuit,,Beige Pantsuit,1899.00,1899.00,1290.00,,TW,No,EA,46.00,56.00,31.00,8.00,No,Surly ECR 29+ Complete Bike Beige Pantsuit MD,,,,
BK9174,708752163706,Touring Bike,Surly,K6150,ECR 29+ Beige Pantsuit,,Beige Pantsuit,1899.00,1899.00,1290.00,,TW,No,EA,46.00,56.00,31.00,8.00,No,Surly ECR 29+ Complete Bike Beige Pantsuit LG,,,,
BK9175,708752163638,Touring Bike,Surly,K6150,ECR 29+ Beige Pantsuit,,Beige Pantsuit,1899.00,1899.00,1290.00,,TW,No,EA,46.00,56.00,31.00,8.00,No,Surly ECR 29+ Complete Bike Beige Pantsuit XL,,,2018-05-02,
BK9200,708752184954,Track Bike,Surly,K5861,Steamroller Ministry Gray,,Ministry Gray,799.00,799.00,545.00,,TW,No,EA,31.95,52.50,7.75,30.00,No,Surly Steamroller Complete Bike 49cm Ministry Gray,,,,
BK9201,708752184978,Track Bike,Surly,K5861,Steamroller Ministry Gray,,Ministry Gray,799.00,799.00,545.00,,TW,No,EA,32.10,52.50,30.25,7.75,No,Surly Steamroller Complete Bike 53cm Ministry Gray,,,,
BK9202,708752184992,Track Bike,Surly,K5861,Steamroller Ministry Gray,,Ministry Gray,799.00,799.00,545.00,,TW,No,EA,32.30,52.50,30.00,7.75,No,Surly Steamroller Complete Bike 56cm Ministry Gray,,,,
BK9203,708752185012,Track Bike,Surly,K5861,Steamroller Ministry Gray,,Ministry Gray,799.00,799.00,545.00,,TW,No,EA,33.05,53.00,31.25,8.00,No,Surly Steamroller Complete Bike 59cm Ministry Gray,,,,
BK9204,708752185036,Track Bike,Surly,K5861,Steamroller Ministry Gray,,Ministry Gray,799.00,799.00,545.00,,TW,No,EA,33.90,54.25,32.25,8.00,No,Surly Steamroller Complete Bike 62cm Ministry Gray,,,,
BK9205,708752185050,Track Bike,Surly,K5862,Steamroller Black,,Black,799.00,799.00,545.00,,TW,No,EA,31.80,52.00,7.75,30.25,No,Surly Steamroller Complete Bike 49cm Black,,,,
BK9206,708752185074,Track Bike,Surly,K5862,Steamroller Black,,Black,799.00,799.00,545.00,,TW,No,EA,32.00,52.50,30.00,7.75,No,Surly Steamroller Complete Bike 53cm Black,,,,
BK9207,708752185098,Track Bike,Surly,K5862,Steamroller Black,,Black,799.00,799.00,545.00,,TW,No,EA,32.30,52.50,30.00,7.75,No,Surly Steamroller Complete Bike 56cm Black,,,,
BK9208,708752185111,Track Bike,Surly,K5862,Steamroller Black,,Black,799.00,799.00,545.00,,TW,No,EA,33.10,53.00,31.25,7.75,No,Surly Steamroller Complete Bike 59cm Black,,,,
BK9209,708752185135,Track Bike,Surly,K5862,Steamroller Black,,Black,799.00,799.00,545.00,,TW,No,EA,33.80,54.00,32.25,8.00,No,Surly Steamroller Complete Bike 62cm Black,,,,
BK9995,708752197343,Touring Bike,Surly,K6110,Bridge Club Complete Bike - Diving ,,Diving Board ,1200.00,1200.00,820.00,,TW,No,EA,40.60,54.00,8.00,31.00,No,Surly Bridge Club Complete Bike: X-Small Diving Board Blue,,,2018-04-28,
BK9996,708752197367,Touring Bike,Surly,K6110,Bridge Club Complete Bike - Diving ,,Diving Board ,1200.00,1200.00,820.00,,TW,No,EA,30.00,54.00,8.00,32.00,No,Surly Bridge Club Complete Bike: Small Diving Board Blue,,,2018-04-28,
BK9997,708752197381,Touring Bike,Surly,K6110,Bridge Club Complete Bike - Diving ,,Diving Board ,1200.00,1200.00,820.00,,TW,No,EA,30.00,54.00,8.00,32.00,No,Surly Bridge Club Complete Bike: Medium Diving Board Blue,,,2018-05-01,
BK9998,708752197404,Touring Bike,Surly,K6110,Bridge Club Complete Bike - Diving ,,Diving Board ,1200.00,1200.00,820.00,,TW,No,EA,30.00,54.00,8.00,32.00,No,Surly Bridge Club Complete Bike: Large Diving Board Blue,,,,
BK9999,708752197428,Touring Bike,Surly,K6110,Bridge Club Complete Bike - Diving ,,Diving Board ,1200.00,1200.00,820.00,,TW,No,EA,30.00,54.00,8.00,32.00,No,Surly Bridge Club Complete Bike: X-Large Diving Board Blue,,,2018-04-28,
BR9999,708752042872,Rear Cable Hanger,Surly,12663,Stainless Hanger,,Stainless,10.50,10.50,5.25,,TW,No,EA,0.10,5.50,4.25,0.25,No,Surly Brake Hanger Stainless,,,,
BT0000,708752065284,Trailer Part,Surly,23378,Trailer Hitch Assembly,,Black,299.00,299.00,203.00,,TW,No,EA,10.40,21.50,13.50,8.25,No,Surly Hitch/Yoke Assembly for Trailer,,,,
BT0001,708752065291,Trailer,Surly,23352,Bill and Ted,,Black,650.00,650.00,440.00,,TW,No,EA,28.00,36.00,31.00,6.00,No,Surly Ted Short Bed for Trailer (hitch sold separately),,,,
BT0002,708752065307,Trailer,Surly,23352,Bill and Ted,,Silver,750.00,750.00,510.00,,TW,No,EA,40.30,68.00,32.00,7.00,No,Surly Bill Long Bed for Trailer (hitch sold separately),,,,
BT0008,708752068636,Trailer Part,Surly,26549,Trailer Wheel,,,170.00,170.00,90.00,,TW,No,EA,1.84,13.00,13.00,2.00,No,Surly Trailer Wheel for Bill and Ted Trailers: Sold as Each,,,,
BT0009,708752068643,Trailer Part,Surly,26297,Skewer,,,35.00,35.00,20.00,,TW,No,EA,0.40,8.50,1.75,1.75,No,Surly Trailer Skewer,,,,
BT0010,708752068650,Trailer Part,Surly,26298,Stub Axles,,,45.00,45.00,25.00,,TW,No,EA,0.64,5.50,1.00,1.00,No,Surly Trailer Left Stub Axle RH Thread,,,,
BT0011,708752068667,Trailer Part,Surly,26298,Stub Axles,,,45.00,45.00,25.00,,TW,No,EA,0.64,5.50,2.25,0.00,No,Surly Trailer Right Stub Axle LH Thread,,,,
BT0014,708752068698,Trailer Part,Surly,26301,Screws,,,8.00,8.00,5.00,,TW,No,PAA,0.15,1.25,0.75,3.00,No,Surly Trailer Thumb Screw with Spring Pair,,,,
BT0016,708752123199,Trailer Part,Surly,26298,Stub Axles,,,20.00,20.00,12.00,,TW,No,EA,0.11,0.00,3.50,1.25,No,Surly Trailer Left Stub Axle Bolt Right Hand Thread,,,,
BT0017,708752123182,Trailer Part,Surly,26298,Stub Axles,,,20.00,20.00,12.00,,TW,No,EA,0.10,0.00,3.50,0.75,No,Surly Trailer Right Stub Axle Bolt Left Hand Thread,,,,
BT0018,708752089051,Trailer Part,Surly,23378,Trailer Hitch Assembly,,,8.00,8.00,4.50,,TW,No,EA,0.05,3.00,2.75,0.50,No,Surly Grub Screw for Hitch Mount Nut,,,,
BT0019,708752068704,Trailer Part,Surly,26302,Hitch Mount Nuts,,,35.00,35.00,20.00,BT0019,TW,No,EA,0.28,3.00,1.00,1.00,No,Surly Bill and Ted Hitch Mount Nuts for 10x1mm Solid Axles or Troll / Ogre ,,,,
BT0020,708752089068,Cargo Bike Accessory,Surly,29840,Big Dummy Accessories,,,310.00,310.00,195.00,,TW,No,EA,13.00,32.00,17.00,6.00,No,Surly Big Dummy Cargo Kit,,,,
BT0021,708752089075,Cargo Bike Accessory,Surly,29840,Big Dummy Accessories,,,70.00,70.00,40.00,,TW,No,EA,1.60,28.00,9.00,2.00,No,Surly Big Dummy Deck: Each,,,,
BT0022,708752089082,Cargo Bike Accessory,Surly,29840,Big Dummy Accessories,,,70.00,70.00,35.00,,TW,No,EA,2.80,36.00,2.00,17.00,No,Surly Big Dummy Rails: Pair,,,,
BT0025,708752128217,Cargo Bike Accessory,Surly,29840,Big Dummy Accessories,,,33.50,33.50,20.00,,TW,No,PAA,0.20,5.50,4.25,1.75,No,Surly Big Dummy Rail collars Pair,,,,
BT0026A,,Cargo Bike Accessory,Surly,29840,Big Dummy Accessories,,,70.00,70.00,40.00,NULL,TW,No,,0.50,3.00,2.00,0.05,No,Surly Dummy Deck Asphault Grey *NO Packaging,,,,
BT0028,708752125957,Cargo Bike Accessory,Surly,29840,Big Dummy Accessories,,,275.00,275.00,137.50,,TW,No,EA,7.30,16.25,10.25,7.75,No,Surly Big Dummy Bag: Pair,,,,
BT0032,708752099975,Cargo Bike Accessory,Surly,29840,Big Dummy Accessories,,,5.00,5.00,2.50,,TW,No,EA,0.10,2.00,2.00,0.50,No,Surly Big Dummy Bag Closure Buckle (female),,,,
BT0033,708752099982,Cargo Bike Accessory,Surly,29840,Big Dummy Accessories,,,5.00,5.00,2.50,,TW,No,EA,0.10,4.00,3.00,1.00,No,Surly Big Dummy Bag Lower Tensioning Strap,,,,
BT0034,708752099999,Cargo Bike Accessory,Surly,29840,Big Dummy Accessories,,,5.00,5.00,2.50,,TW,No,EA,0.10,1.00,1.00,0.50,No,Surly Big Dummy Bag Snap Hook Strap Assembly,,,,
BT0035,708752100008,Cargo Bike Accessory,Surly,29840,Big Dummy Accessories,,,5.00,5.00,2.50,,TW,No,EA,0.05,3.75,4.00,0.25,No,Surly Big Dummy Bag D-Ring and Velcro Strap,,,,
BT0036,708752100015,Cargo Bike Accessory,Surly,29840,Big Dummy Accessories,,,11.00,11.00,5.50,,TW,No,EA,0.05,10.50,4.00,0.10,No,Surly Big Dummy Bag BrakeCaliper Wear Patch,,,,
BT0037,708752100022,Cargo Bike Accessory,Surly,29840,Big Dummy Accessories,,,5.50,5.50,2.75,,TW,No,EA,0.10,2.00,2.00,2.00,No,Surly Big Dummy Bag Mitten Hook/Shock Cord,,,,
BT9998,708752099517,Trailer Part,Surly,23378,Trailer Hitch Assembly,,,299.00,299.00,203.00,,TW,No,EA,8.60,31.00,14.00,6.00,No,Surly Big Dummy Hitch Assembly with Boom,,,,
BT9999,708752089112,Trailer Part,Surly,23378,Trailer Hitch Assembly,,,190.00,190.00,115.00,,TW,No,EA,3.60,31.00,7.00,6.00,No,Surly Big Dummy Hitch Assembly NO Boom,,,,
CH8896,708752033924,Beverage Essentials,Surly,24694,Singleator Scrap Tool,,,8.00,8.00,4.00,CH8896,TW,No,EA,0.05,5.25,4.25,0.25,No,Surly Singleator 18mm Wrench/Bottle Opener,,,,
CH8897,708752029583,Chain Tensioner Part,Surly,24632,Tensioner Parts,,,14.00,14.00,7.00,,TW,No,SET,0.08,4.00,4.00,0.50,No,Surly Singleator Upgrade 11t pulley set includes Plate and Bolt,,,,
CH8898,708752029279,Single-Speed / Dingle-Speed ,Surly,6631,Singleator,,Silver,50.00,50.00,25.00,CH8898,TW,No,EA,0.37,7.25,5.00,2.00,No,Surly Singleator Silver,,,2018-05-01,
CH8899,708752029286,Single-Speed / Dingle-Speed ,Surly,6631,Singleator,,Black,50.00,50.00,25.00,TP91 SAND BLAST BLACK,TW,No,EA,0.35,7.50,4.00,2.75,No,Surly Singleator Black,,,2018-05-02,
CH9989,708752170100,Axle/Chain Tensioner,Surly,K5879,Snuggnut,,,30.00,30.00,15.00,,TW,No,EA,0.05,5.00,4.00,0.75,No,Surly Snuggnut,,,,
CH9990,708752099685,Axle/Chain Tensioner,Surly,K1468,Hurdy Gurdy,,,30.00,30.00,15.00,CH9990,TW,No,EA,0.15,5.25,4.50,0.50,No,Surly Hurdy Gurdy,,,,
CH9991,708752105492,Axle/Chain Tensioner,Surly,K1468,Hurdy Gurdy,,,30.00,30.00,15.00,CH9991,TW,No,EA,0.13,5.50,4.50,0.50,No,Surly Hurdy Gurdy Silver,,,,
CH9992,708752037137,Chain Tensioner Part,Surly,24632,Tensioner Parts,,,2.00,2.00,1.00,TP98 E2 E-SHAPED CLIP CP ,TW,No,EA,0.01,0.25,0.25,0.01,No,Surly Tuggnut/Snuggnut Retaining Clip,,,,
CH9993,708752037144,Chain Tensioner Part,Surly,24632,Tensioner Parts,,,6.00,6.00,3.00,,TW,No,EA,0.01,1.00,0.50,0.50,No,Surly Tuggnut/Snuggnut Slider,,,,
CH9994,708752037151,Chain Tensioner Part,Surly,24632,Tensioner Parts,,,6.00,6.00,3.00,,TW,No,EA,0.01,1.75,0.25,0.25,No,Surly Tuggnut/Snuggnut Stainless Steel Thumb Screw ,,,,
CH9996,708752107410,Chain Tensioner Part,Surly,24632,Tensioner Parts,,,3.00,3.00,1.50,TP98-2 SILVER,TW,No,EA,0.01,3.00,2.50,0.25,No,Surly Tuggnut/Hurdy/Snuggnut QR Adaptor Washer ,,,,
CH9997,708752114654,Chain Tensioner Part,Surly,24632,Tensioner Parts,,,6.00,6.00,3.00,,TW,No,EA,0.01,1.00,0.50,0.50,No,Surly Hurdy Gurdy Stainless Steel Replacement Thumbscrew,,,,
CH9998,708752114647,Chain Tensioner Part,Surly,24632,Tensioner Parts,,,6.00,6.00,3.00,,TW,No,EA,0.01,2.25,0.25,0.25,No,Surly Hurdy Gurdy Slider Silver,,,,
CH9999,708752029200,Axle/Chain Tensioner,Surly,2884,Tuggnut,,Silver,30.00,30.00,15.00,TP98 SILVER,TW,No,EA,0.18,5.50,4.50,0.50,No,Surly Tuggnut Tensioner,,,,
CL0001,708752034860,Patch,Surly,MSURLY17,Surly Patch,,,12.00,12.00,6.00,163X44 SURLY IRON-ON,US,No,EA,0.01,6.75,1.50,0.13,No,Surly Patch 6.5 Iron-On,,CL0002,,
CL0002,708752034877,Patch,Surly,MSURLY17,Surly Patch,,,17.00,17.00,8.50,254X65 SURLY IRON-ON,US,No,EA,0.02,10.00,2.75,0.08,No,Surly Mega-Patch 10 Iron-On,,,,
CL0003,708752039827,Patch,Surly,MSURLY17,Surly Patch,,,6.00,6.00,3.00,102 X 27 SURLY IRON-ON,US,No,EA,0.01,4.00,1.25,0.25,No,Surly Patch 4,,,,
CL0040,708752026636,Baseball and Trucker Cap,Surly,24653,Logo Baseball Cap,Small/Medium,Black,25.00,25.00,15.00,04-000982,DO,No,EA,0.15,6.75,6.50,3.50,No,Surly Logo Baseball Cap: Black/White SM/MD,,,,
CL0041,708752026643,Baseball and Trucker Cap,Surly,24653,Logo Baseball Cap,Large/XL,Black,25.00,25.00,15.00,04-000982,DO,No,EA,0.15,6.75,6.50,3.50,No,Surly Logo Baseball Cap: Black/White LG/XL,,,,
CL0074,657993026687,Cycling Cap,Surly,21216,Wool Cycling Cap,Small/Medium,Black,35.00,35.00,21.00,,US,No,EA,0.07,9.50,5.25,0.75,No,Surly Wool Cycling Cap: Black SM/MD,,,,
CL0075,657993026694,Cycling Cap,Surly,21216,Wool Cycling Cap,Large/XL,Black,35.00,35.00,21.00,,US,No,EA,0.10,7.00,4.75,1.75,No,Surly Wool Cycling Cap: Black LG/XL,,,,
CL0107,708752133921,Patch,Surly,MSURLY17,Surly Patch,,,4.00,4.00,2.00,04-000684,CN,No,EA,0.01,2.75,2.25,0.25,No,Surly Steel Patch: Black/White,,,,
CL0109,708752133907,Patch,Surly,MSURLY17,Surly Patch,,,4.00,4.00,2.00,04-000703,CN,No,EA,0.01,2.75,2.25,0.25,No,Surly Split Season Patch: Purple/Black,,,,
CL0110,708752133891,Patch,Surly,MSURLY17,Surly Patch,,,4.00,4.00,2.00,04-000704,CN,No,EA,0.01,2.75,2.25,0.25,No,Surly Snow Monkey Patch: Black/Gray,,,,
CL0387,708752164314,T-Shirt,Surly,MSURLY74,Split Season T-Shirt,Large,Blue,28.00,28.00,17.00,,PE,No,EA,0.36,7.75,5.00,1.00,No,Surly Split Season Men's T-Shirt: Blue LG,,,,
CL0388,708752164307,T-Shirt,Surly,MSURLY74,Split Season T-Shirt,X-Large,Blue,28.00,28.00,17.00,,PE,No,EA,0.32,8.00,5.75,1.00,No,Surly Split Season Men's T-Shirt: Blue XL,,,,
CL0390,708752164284,T-Shirt,Surly,MSURLY74,Split Season T-Shirt,Small,Blue,28.00,28.00,17.00,,PE,No,EA,0.24,7.75,5.00,0.75,No,Surly Split Season Women's T-Shirt: Blue SM,,,,
CL0391,708752164277,T-Shirt,Surly,MSURLY74,Split Season T-Shirt,Medium,Blue,28.00,28.00,17.00,,PE,No,EA,0.26,8.75,5.00,0.75,No,Surly Split Season Women's T-Shirt: Blue MD,,,,
CL0392,708752164260,T-Shirt,Surly,MSURLY74,Split Season T-Shirt,Large,Blue,28.00,28.00,17.00,,PE,No,EA,0.26,7.75,5.00,1.00,No,Surly Split Season Women's T-Shirt: Blue LG,,,,
CL0393,708752164253,T-Shirt,Surly,MSURLY74,Split Season T-Shirt,X-Large,Blue,28.00,28.00,17.00,,PE,No,EA,0.30,7.75,5.00,0.75,No,Surly Split Season Women's T-Shirt: Blue XL,,,,
CL0782,708752126091,T-Shirt,Surly,MSURLY66,Logo LS T-Shirt,Medium,Black/White,28.00,28.00,17.00,3601-PCC-316,NI,No,EA,0.38,10.00,9.00,0.50,No,Surly Logo Long Sleeve T-Shirt: Black/White MD,,,,
CL0783,708752126084,T-Shirt,Surly,MSURLY66,Logo LS T-Shirt,Large,Black/White,28.00,28.00,17.00,3601-PCC-316,NI,No,EA,0.35,10.00,8.50,0.50,No,Surly Logo Long Sleeve T-Shirt: Black/White LG,,,,
CL0784,708752126077,T-Shirt,Surly,MSURLY66,Logo LS T-Shirt,X-Large,Black/White,28.00,28.00,17.00,3601-PCC-316,NI,No,EA,0.50,8.50,0.75,10.25,No,Surly Logo Long Sleeve T-Shirt: Black/White XL,,,,
CL0785,708752126060,T-Shirt,Surly,MSURLY66,Logo LS T-Shirt,2X-Large,Black/White,28.00,28.00,17.00,3601-PCC-316,NI,No,EA,0.50,10.25,8.50,0.75,No,Surly Logo Long Sleeve T-Shirt: Black/White 2XL,,,,
CL0880,708752219663,T-Shirt,Surly,MSURLY95,Chaos T-Shirt,Small,Black,28.00,28.00,17.00,04-000902,PE,No,EA,0.30,9.50,8.50,1.00,No,Surly Chaos Men's T-Shirt: Black SM,,,,
CL0881,708752219687,T-Shirt,Surly,MSURLY95,Chaos T-Shirt,Medium,Black,28.00,28.00,17.00,04-000902,PE,No,EA,0.33,10.25,8.75,0.25,No,Surly Chaos Men's T-Shirt: Black MD,,,,
CL0882,708752219700,T-Shirt,Surly,MSURLY95,Chaos T-Shirt,Large,Black,28.00,28.00,17.00,04-000902,PE,No,EA,0.40,9.50,8.50,1.00,No,Surly Chaos Men's T-Shirt: Black LG,,,,
CL0883,708752219724,T-Shirt,Surly,MSURLY95,Chaos T-Shirt,X-Large,Black,28.00,28.00,17.00,04-000902,PE,No,EA,0.40,10.00,9.00,1.00,No,Surly Chaos Men's T-Shirt: Black XL,,,,
CL0884,708752219748,T-Shirt,Surly,MSURLY95,Chaos T-Shirt,2X-Large,Black,28.00,28.00,17.00,04-000902,PE,No,EA,0.45,11.00,8.50,1.00,No,Surly Chaos Men's T-Shirt: Black 2XL,,,,
CL0885,708752219762,T-Shirt,Surly,MSURLY95,Chaos T-Shirt,Small,Black,28.00,28.00,17.00,04-000902,PE,No,EA,0.25,9.50,8.50,1.00,No,Surly Chaos Women's T-Shirt: Black SM,,,,
CL0886,708752219786,T-Shirt,Surly,MSURLY95,Chaos T-Shirt,Medium,Black,28.00,28.00,17.00,04-000902,PE,No,EA,0.25,9.50,8.50,1.00,No,Surly Chaos Women's T-Shirt: Black MD,,,,
CL0887,708752219809,T-Shirt,Surly,MSURLY95,Chaos T-Shirt,Large,Black,28.00,28.00,17.00,04-000902,PE,No,EA,0.30,9.50,8.50,1.00,No,Surly Chaos Women's T-Shirt: Black LG,,,,
CL0888,708752219823,T-Shirt,Surly,MSURLY95,Chaos T-Shirt,X-Large,Black,28.00,28.00,17.00,04-000902,PE,No,EA,0.30,9.50,8.50,1.00,No,Surly Chaos Women's T-Shirt: Black XL,,,,
CL1355,708752149281,Sweatshirt/Hoodie,Surly,MSURLY03,Merino Hoodie,Medium,Black,180.00,180.00,105.00,04-000778,CN,No,EA,1.60,13.25,10.00,1.25,No,Surly Merino Wool Women's Hoodie: Black MD,,,,
CL3335,708752160941,Sweatshirt/Hoodie,Surly,MSURLY03,Merino Hoodie,Small,Black,180.00,180.00,105.00,04-000777,CN,No,EA,1.65,13.75,12.50,1.50,No,Surly Merino Wool Men's Hoodie: Black SM,,,,
CL3336,708752160934,Sweatshirt/Hoodie,Surly,MSURLY03,Merino Hoodie,Medium,Black,180.00,180.00,105.00,04-000777,CN,No,EA,1.70,14.25,12.75,1.25,No,Surly Merino Wool Men's Hoodie: Black MD,,,,
CL3340,708752213104,Neck Protection,Surly,MSURLY84,Merino Neck Gaiter,One Size,Green/Tan,35.00,35.00,20.00,04-000782,CN,No,EA,0.20,11.50,9.25,0.25,No,Surly Merino Neck Gaiter: Green/Tan One Size,,,,
CL3489,708752116030,Patch,Surly,MSURLY17,Surly Patch,,,4.00,4.00,2.00,PCC-481,CN,No,EA,0.01,2.50,2.50,0.25,No,Surly Stripes Patch,,,,
CL3531,708752118386,T-Shirt,Surly,MSURLY33,Ride Steel T-Shirt,Small,Green,28.00,28.00,17.00,04-000773,PE,No,EA,0.32,8.75,6.00,1.25,No,Surly Ride Steel Men's T-Shirt: Green SM,,,,
CL3532,708752118379,T-Shirt,Surly,MSURLY33,Ride Steel T-Shirt,Medium,Green,28.00,28.00,17.00,04-000773,PE,No,EA,0.34,8.25,5.75,1.75,No,Surly Ride Steel Men's T-Shirt: Green MD,,,,
CL3536,708752118331,T-Shirt,Surly,MSURLY33,Ride Steel T-Shirt,Small,Green,28.00,28.00,17.00,04-000773,PE,No,EA,0.24,11.00,9.25,0.50,No,Surly Ride Steel Women's T-Shirt: Green SM,,,,
CL3538,708752118317,T-Shirt,Surly,MSURLY33,Ride Steel T-Shirt,Large,Green,28.00,28.00,17.00,04-000773,PE,No,EA,0.26,11.75,9.00,0.50,No,Surly Ride Steel Women's T-Shirt: Green LG,,,,
CL3540,708752118294,T-Shirt,Surly,MSURLY788,Logo T-Shirt,Small,Black/Black,28.00,28.00,17.00,PCC-354-SM,PE,No,EA,0.10,12.00,10.50,1.00,No,Surly Logo T-Shirt: Black/Black SM,,,,
CL3541,708752118287,T-Shirt,Surly,MSURLY788,Logo T-Shirt,Medium,Black/Black,28.00,28.00,17.00,PCC-354-MD,PE,No,EA,0.10,12.00,10.50,1.00,No,Surly Logo T-Shirt: Black/Black MD,,,,
CL3542,708752118270,T-Shirt,Surly,MSURLY788,Logo T-Shirt,Large,Black/Black,28.00,28.00,17.00,PCC-354-LG,PE,No,EA,0.36,7.50,5.75,2.25,No,Surly Logo T-Shirt: Black/Black LG,,,,
CL3543,708752118263,T-Shirt,Surly,MSURLY788,Logo T-Shirt,X-Large,Black/Black,28.00,28.00,17.00,PCC-354-XL,PE,No,EA,0.35,10.00,8.50,0.50,No,Surly Logo T-Shirt: Black/Black XL,,,,
CL3544,708752118256,T-Shirt,Surly,MSURLY788,Logo T-Shirt,2X-Large,Black/Black,28.00,28.00,17.00,PCC-354-2XL,PE,No,EA,0.10,12.00,10.50,1.00,No,Surly Logo T-Shirt: Black/Black 2XL,,,,
CL3545,708752118249,T-Shirt,Surly,MSURLY788,Logo T-Shirt,Small,Black/Black,28.00,28.00,17.00,PCC-355-SM-W,PE,No,EA,0.35,10.00,8.50,0.50,No,Surly Logo Women's T-Shirt: Black/Black SM,,,,
CL3546,708752118232,T-Shirt,Surly,MSURLY788,Logo T-Shirt,Medium,Black/Black,28.00,28.00,17.00,PCC-355-MDW,PE,No,EA,0.25,9.50,7.75,0.75,No,Surly Logo Women's T-Shirt: Black/Black MD,,,,
CL3547,708752118225,T-Shirt,Surly,MSURLY788,Logo T-Shirt,Large,Black/Black,28.00,28.00,17.00,PCC-355-LG-W,PE,No,EA,0.35,10.00,8.50,0.50,No,Surly Logo Women's T-Shirt: Black/Black LG,,,,
CL3548,708752118218,T-Shirt,Surly,MSURLY788,Logo T-Shirt,X-Large,Black/Black,28.00,28.00,17.00,PCC-355-XL-W,PE,No,EA,0.35,10.00,8.50,0.50,No,Surly Logo Women's T-Shirt: Black/Black XL,,,,
CL3558,708752118119,T-Shirt,Surly,MSURLY788,Logo T-Shirt,Small,Black/White,28.00,28.00,17.00,PCC360-SM,PE,No,EA,0.30,9.75,7.25,1.00,No,Surly Logo T-Shirt: Black/White SM,,,,
CL3559,708752118102,T-Shirt,Surly,MSURLY788,Logo T-Shirt,Medium,Black/White,28.00,28.00,17.00,PCC360-MD,PE,No,EA,0.35,10.00,8.50,0.50,No,Surly Logo T-Shirt: Black/White MD,,,,
CL3560,708752118096,T-Shirt,Surly,MSURLY788,Logo T-Shirt,Large,Black/White,28.00,28.00,17.00,PCC360-LG,PE,No,EA,0.38,8.50,5.25,1.75,No,Surly Logo T-Shirt: Black/White LG,,,,
CL3561,708752118089,T-Shirt,Surly,MSURLY788,Logo T-Shirt,X-Large,Black/White,28.00,28.00,17.00,PCC360-XL,PE,No,EA,0.10,12.00,10.50,1.00,No,Surly Logo T-Shirt: Black/White XL,,,,
CL3562,708752118072,T-Shirt,Surly,MSURLY788,Logo T-Shirt,2X-Large,Black/White,28.00,28.00,17.00,PCC360-2XL,PE,No,EA,0.10,12.00,10.50,1.00,No,Surly Logo T-Shirt: Black/White 2XL,,,,
CL3563,708752118065,T-Shirt,Surly,MSURLY788,Logo T-Shirt,Small,Black/White,28.00,28.00,17.00,PCC-358-SM-W,PE,No,EA,0.10,12.00,10.50,1.00,No,Surly Women's Logo T-Shirt: Black/White SM,,,,
CL3564,708752118058,T-Shirt,Surly,MSURLY788,Logo T-Shirt,Medium,Black/White,28.00,28.00,17.00,PCC-358-MDW,PE,No,EA,0.10,12.00,10.50,1.00,No,Surly Women's Logo T-Shirt: Black/White MD,,,,
CL3565,708752118041,T-Shirt,Surly,MSURLY788,Logo T-Shirt,Large,Black/White,28.00,28.00,17.00,PCC-358-LG-W,PE,No,EA,0.10,12.00,10.50,1.00,No,Surly Women's Logo T-Shirt: Black/White LG,,,,
CL3566,708752118034,T-Shirt,Surly,MSURLY788,Logo T-Shirt,X-Large,Black/White,28.00,28.00,17.00,PCC-358-XL-W,PE,No,EA,0.10,12.00,10.50,1.00,No,Surly Women's Logo T-Shirt: Black/White XL,,,,
CL3585,708752117846,T-Shirt,Surly,MSURLY78,Long Haul Trucker Joe T-Shirt,Small,Black,28.00,28.00,17.00,PCC-566-SM,PE,No,EA,0.35,10.00,8.50,0.50,No,Surly Long Haul Trucker Joe T-Shirt: Black SM,,,,
CL3586,708752117839,T-Shirt,Surly,MSURLY78,Long Haul Trucker Joe T-Shirt,Medium,Black,28.00,28.00,17.00,PCC-566-MD,PE,No,EA,0.35,10.00,8.50,0.50,No,Surly Long Haul Trucker Joe T-Shirt: Black MD,,,,
CL3599,708752117709,T-Shirt,Surly,MSURLY34,Ogre T-Shirt,Small,Green,28.00,28.00,17.00,PCC-567-SM-W,PE,No,EA,0.10,12.00,10.50,1.00,No,Surly Ogre Women's T-Shirt: Green SM,,,,
CL3602,708752117679,T-Shirt,Surly,MSURLY34,Ogre T-Shirt,X-Large,Green,28.00,28.00,17.00,PCC-567-XL-W,PE,No,EA,0.10,12.00,10.50,1.00,No,Surly Ogre Women's T-Shirt: Green XL,,,,
CL3617,708752117525,T-Shirt,Surly,MSURLY24,Troll T-Shirt,Small,Black,28.00,28.00,17.00,PCC-404-SM-W,PE,No,EA,0.10,12.00,10.50,1.00,No,Surly Troll Women's T-Shirt: Black SM,,,,
CL3619,708752117501,T-Shirt,Surly,MSURLY24,Troll T-Shirt,Large,Black,28.00,28.00,17.00,PCC-404-LG-W,PE,No,EA,0.10,12.00,10.50,1.00,No,Surly Troll Women's T-Shirt: Black LG,,,,
CL3620,708752117495,T-Shirt,Surly,MSURLY24,Troll T-Shirt,X-Large,Black,28.00,28.00,17.00,PCC-404-XL-W,PE,No,EA,0.10,12.00,10.50,1.00,No,Surly Troll Women's T-Shirt: Black XL,,,,
CL3621,708752117488,T-Shirt,Surly,MSURLY37,Snow Monkey T-Shirt,Small,Blue,28.00,28.00,17.00,04-,PE,No,EA,0.30,7.50,5.00,1.50,No,Surly Snow Monkey Men's T-Shirt: Blue SM,,,,
CL3622,708752117471,T-Shirt,Surly,MSURLY37,Snow Monkey T-Shirt,Medium,Blue,28.00,28.00,17.00,04-,PE,No,EA,0.32,9.50,7.25,0.50,No,Surly Snow Monkey Men's T-Shirt: Blue MD,,,,
CL3623,708752117464,T-Shirt,Surly,MSURLY37,Snow Monkey T-Shirt,Large,Blue,28.00,28.00,17.00,04-,PE,No,EA,0.36,9.50,7.25,0.50,No,Surly Snow Monkey Men's T-Shirt: Blue LG,,,,
CL3624,708752117457,T-Shirt,Surly,MSURLY37,Snow Monkey T-Shirt,X-Large,Blue,28.00,28.00,17.00,04-,PE,No,EA,0.38,9.50,7.25,0.50,No,Surly Snow Monkey Men's T-Shirt: Blue XL,,,,
CL3626,708752117433,T-Shirt,Surly,MSURLY37,Snow Monkey T-Shirt,Small,Blue,28.00,28.00,17.00,04-,PE,No,EA,0.24,9.50,7.25,0.50,No,Surly Snow Monkey Women's T-Shirt: Blue SM,,,,
CL3627,708752117426,T-Shirt,Surly,MSURLY37,Snow Monkey T-Shirt,Medium,Blue,28.00,28.00,17.00,04-,PE,No,EA,0.26,9.50,7.25,0.50,No,Surly Snow Monkey Women's T-Shirt: Blue MD,,,,
CL3761,708752219861,T-Shirt,Surly,MSURLY94,Bike Lover T-Shirt,Medium,Black,28.00,28.00,17.00,04-000903,PE,No,EA,0.35,10.25,8.00,1.00,No,Surly Bike Lover Men's T-Shirt: Black MD,,,,
CL3762,708752219885,T-Shirt,Surly,MSURLY94,Bike Lover T-Shirt,Large,Black,28.00,28.00,17.00,04-000903,PE,No,EA,0.35,10.50,8.00,1.25,No,Surly Bike Lover Men's T-Shirt: Black LG,,,,
CL3763,708752219908,T-Shirt,Surly,MSURLY94,Bike Lover T-Shirt,X-Large,Black,28.00,28.00,17.00,04-000903,PE,No,EA,0.40,11.25,9.00,1.00,No,Surly Bike Lover Men's T-Shirt: Black XL,,,,
CL3764,708752219922,T-Shirt,Surly,MSURLY94,Bike Lover T-Shirt,2X-Large,Black,28.00,28.00,17.00,04-000903,PE,No,EA,0.45,11.25,8.75,1.25,No,Surly Bike Lover Men's T-Shirt: Black 2XL,,,,
CL3765,708752219946,T-Shirt,Surly,MSURLY94,Bike Lover T-Shirt,Small,Black,28.00,28.00,17.00,04-000903,PE,No,EA,0.25,8.25,7.00,1.00,No,Surly Bike Lover Women's T-Shirt: Black SM,,,,
CL3766,708752219960,T-Shirt,Surly,MSURLY94,Bike Lover T-Shirt,Medium,Black,28.00,28.00,17.00,04-000903,PE,No,EA,0.25,8.75,7.75,0.75,No,Surly Bike Lover Women's T-Shirt: Black MD,,,,
CL3767,708752219984,T-Shirt,Surly,MSURLY94,Bike Lover T-Shirt,Large,Black,28.00,28.00,17.00,04-000903,PE,No,EA,0.30,8.75,8.50,1.00,No,Surly Bike Lover Women's T-Shirt: Black LG,,,,
CL3768,708752220003,T-Shirt,Surly,MSURLY94,Bike Lover T-Shirt,X-Large,Black,28.00,28.00,17.00,04-000903,PE,No,EA,0.30,9.50,9.00,1.25,No,Surly Bike Lover Women's T-Shirt: Black XL,,,,
CL3769,708752227484,T-Shirt,Surly,MSURLY99,Unfair Advantage T-Shirt,Small,Black,28.00,28.00,17.00,04-001019,PE,No,EA,0.30,10.75,8.25,0.50,No,Surly Unfair Advantage Men's T-Shirt: Black SM,,,,
CL3770,708752227507,T-Shirt,Surly,MSURLY99,Unfair Advantage T-Shirt,Medium,Black,28.00,28.00,17.00,04-001019,PE,No,EA,0.35,10.75,8.25,0.50,No,Surly Unfair Advantage Men's T-Shirt: Black MD,,,,
CL3771,708752227521,T-Shirt,Surly,MSURLY99,Unfair Advantage T-Shirt,Large,Black,28.00,28.00,17.00,04-001019,PE,No,EA,0.35,10.75,8.25,0.50,No,Surly Unfair Advantage Men's T-Shirt: Black LG,,,,
CL3772,708752227545,T-Shirt,Surly,MSURLY99,Unfair Advantage T-Shirt,X-Large,Black,28.00,28.00,17.00,04-001019,PE,No,EA,0.40,10.75,8.25,0.50,No,Surly Unfair Advantage Men's T-Shirt: Black XL,,,,
CL3773,708752227569,T-Shirt,Surly,MSURLY99,Unfair Advantage T-Shirt,2X-Large,Black,28.00,28.00,17.00,04-001019,PE,No,EA,0.45,10.75,8.25,0.50,No,Surly Unfair Advantage Men's T-Shirt: Black 2XL,,,,
CL3774,708752227583,T-Shirt,Surly,MSURLY99,Unfair Advantage T-Shirt,Small,Black,28.00,28.00,17.00,04-001019,PE,No,EA,0.25,10.75,8.25,0.50,No,Surly Unfair Advantage Women's T-Shirt: Black SM,,,,
CL3775,708752227606,T-Shirt,Surly,MSURLY99,Unfair Advantage T-Shirt,Medium,Black,28.00,28.00,17.00,04-001019,PE,No,EA,0.25,10.75,8.25,0.50,No,Surly Unfair Advantage Women's T-Shirt: Black MD,,,,
CL3776,708752227620,T-Shirt,Surly,MSURLY99,Unfair Advantage T-Shirt,Large,Black,28.00,28.00,17.00,04-001019,PE,No,EA,0.25,10.75,8.25,0.50,No,Surly Unfair Advantage Women's T-Shirt: Black LG,,,,
CL3777,708752227644,T-Shirt,Surly,MSURLY99,Unfair Advantage T-Shirt,X-Large,Black,28.00,28.00,17.00,04-001019,PE,No,EA,0.30,10.75,8.25,0.50,No,Surly Unfair Advantage Women's T-Shirt: Black XL,,,,
CL4212,708752203853,T-Shirt,Surly,MSURLY83,Merino Raglan T-Shirt,Small,Tan/Black,65.00,65.00,37.50,04-000784,CN,No,EA,0.35,13.25,10.25,0.25,No,Surly Raglan Shirt: Tan/Black SM,,,,
CL4213,708752203877,T-Shirt,Surly,MSURLY83,Merino Raglan T-Shirt,Medium,Tan/Black,65.00,65.00,37.50,04-000784,CN,No,EA,0.40,13.25,10.25,0.25,No,Surly Raglan Shirt: Tan/Black MD,,,,
CL4214,708752203891,T-Shirt,Surly,MSURLY83,Merino Raglan T-Shirt,Large,Tan/Black,65.00,65.00,37.50,04-000784,CN,No,EA,0.40,14.75,11.00,0.25,No,Surly Raglan Shirt: Tan/Black LG,,,,
CL4215,708752203914,T-Shirt,Surly,MSURLY83,Merino Raglan T-Shirt,X-Large,Tan/Black,65.00,65.00,37.50,04-000784,CN,No,EA,0.45,13.25,10.25,0.25,No,Surly Raglan Shirt: Tan/Black XL,,,,
CL4217,708752203952,T-Shirt,Surly,MSURLY83,Merino Raglan T-Shirt,X-Small,Blue,65.00,65.00,37.50,04-000784,CN,No,EA,0.35,13.25,10.25,0.25,No,Surly Raglan Shirt: Blue XS,,,,
CL4218,708752203976,T-Shirt,Surly,MSURLY83,Merino Raglan T-Shirt,Small,Blue,65.00,65.00,37.50,04-000784,CN,No,EA,0.35,13.25,10.25,0.25,No,Surly Raglan Shirt: Blue SM,,,,
CL4219,708752203990,T-Shirt,Surly,MSURLY83,Merino Raglan T-Shirt,Medium,Blue,65.00,65.00,37.50,04-000784,CN,No,EA,0.40,13.25,10.25,0.25,No,Surly Raglan Shirt: Blue MD,,,,
CL4220,708752204010,T-Shirt,Surly,MSURLY83,Merino Raglan T-Shirt,Large,Blue,65.00,65.00,37.50,04-000784,CN,No,EA,0.35,13.25,10.25,0.25,No,Surly Raglan Shirt: Blue LG,,,,
CL4221,708752204034,T-Shirt,Surly,MSURLY83,Merino Raglan T-Shirt,X-Large,Blue,65.00,65.00,37.50,04-000784,CN,No,EA,0.45,13.25,10.25,0.25,No,Surly Raglan Shirt: Blue XL,,,,
CL4222,708752204058,T-Shirt,Surly,MSURLY83,Merino Raglan T-Shirt,2X-Large,Blue,65.00,65.00,37.50,04-000784,CN,No,EA,0.50,13.25,10.25,0.25,No,Surly Raglan Shirt: Blue 2XL,,,,
CL4224,708752204171,T-Shirt,Surly,MSURLY82,Merino Pocket T-Shirt,Medium,Tan,60.00,60.00,35.00,04-000779,CN,No,EA,0.35,13.25,10.25,0.25,No,Surly Merino Pocket T-Shirt: Tan MD,,,,
CL4225,708752204195,T-Shirt,Surly,MSURLY82,Merino Pocket T-Shirt,Large,Tan,60.00,60.00,35.00,04-000779,CN,No,EA,0.35,13.25,10.25,0.25,No,Surly Merino Pocket T-Shirt: Tan LG,,,,
CL4226,708752204218,T-Shirt,Surly,MSURLY82,Merino Pocket T-Shirt,X-Large,Tan,60.00,60.00,35.00,04-000779,CN,No,EA,0.40,13.25,10.25,0.25,No,Surly Merino Pocket T-Shirt: Tan XL,,,,
CL4227,708752204232,T-Shirt,Surly,MSURLY82,Merino Pocket T-Shirt,2X-Large,Tan,60.00,60.00,35.00,04-000779,CN,No,EA,0.40,13.25,10.25,0.25,No,Surly Merino Pocket T-Shirt: Tan 2XL,,,,
CL4294,708752204430,Scarf,Surly,MSURLY70,Merino Scarf,,,35.00,35.00,20.00,04-000783,CN,No,EA,0.20,13.25,10.25,0.25,No,Surly Scarf: Blue/Gray One Size,,,,
CL4296,708752204478,Scarf,Surly,MSURLY70,Merino Scarf,,,35.00,35.00,20.00,04-000783,CN,No,EA,0.20,13.25,10.25,0.25,No,Surly Scarf: Gray/Orange One Size,,,,
CL4946,708752178113,Baseball and Trucker Cap,Surly,MSURLY85,Utility Trucker Hat,One Size,Black,25.00,25.00,15.00,04-000882,CN,No,EA,0.20,8.00,7.25,4.25,No,Surly Utility Trucker Cap: Black One Size ,,,2018-04-26,
CL4947,708752178137,Patch,Surly,MSURLY17,Surly Patch,,,4.00,4.00,2.00,04-000882,CN,No,EA,0.01,2.50,2.50,0.13,No,Surly Utility Patch: Gray/Black,,,,
CL4948,708752202405,Baseball and Trucker Cap,Surly,MSURLY05,Name Patch Trucker Hat,One Size,Gray,25.00,25.00,15.00,04-000899,CN,No,EA,0.30,9.00,7.00,4.50,No,Surly Name Patch Trucker Hat: Gray/Green One Size,,,2018-04-26,
CL4983,,Patch,Surly,MSURLY17,Surly Patch,,,4.00,4.00,2.00,,CN,No,,0.01,2.00,2.00,0.01,No,Surly Trail Patch: Black/Gray,,,,
CL4984,,Patch,Surly,MSURLY17,Surly Patch,,,4.00,4.00,2.00,,CN,No,,0.01,2.00,2.00,0.01,No,Surly Omniterra Patch: Black/Gray,,,,
CL4985,,Patch,Surly,MSURLY17,Surly Patch,,,4.00,4.00,2.00,,CN,No,,0.01,2.00,2.00,0.01,No,Surly Pavement Patch: Black/Gray,,,,
CL4986,,Patch,Surly,MSURLY17,Surly Patch,,,4.00,4.00,2.00,,CN,No,,0.01,2.00,2.00,0.01,No,Surly Haulin' Patch: Black/Gray,,,,
CL4987,,Patch,Surly,MSURLY17,Surly Patch,,,4.00,4.00,2.00,,CN,No,,0.01,2.00,2.00,0.01,No,Surly Touring Patch: Black/Gray,,,,
CL4988,708752220980,Baseball and Trucker Cap,Surly,24653,Logo Baseball Cap,Small/Medium,Black,25.00,25.00,15.00,04-000982,BD,No,EA,0.20,7.25,6.75,4.25,No,Surly Logo Baseball Cap: Black/Black SM/MD,,,,
CL4989,708752221000,Baseball and Trucker Cap,Surly,24653,Logo Baseball Cap,Large/XL,Black,25.00,25.00,15.00,04-000982,BD,No,EA,0.20,7.75,7.25,4.25,No,Surly Logo Baseball Cap: Black/Black LG/XL,,,,
CL4990,708752223448,Patch,Surly,MSURLY17,Surly Patch,,,4.00,4.00,2.00,04-000989,CN,No,EA,0.01,2.00,2.00,0.13,No,Surly Derby Crew Patch: Yellow/Black,,,,
CL4991,,Patch,Surly,MSURLY17,Surly Patch,,,5.00,5.00,2.50,04-000990,CN,No,,0.01,3.00,2.50,0.13,No,Surly Fatties Fit Fine Patch: Black/Red,,,,
CL4992,,Patch,Surly,MSURLY17,Surly Patch,,,4.00,4.00,2.00,04-000991,CN,No,,0.05,4.25,1.50,0.13,No,Surly Ride Loaded Patch: 4.25x1.38 Light Army Green/Black,,,,
CL5107,708752134058,T-Shirt,Surly,MSURLY788,Logo T-Shirt,Small,Green,28.00,28.00,17.00,04-000707,PE,No,EA,0.30,10.00,8.00,1.00,No,Surly Logo T-Shirt: Green SM,,,,
CL5108,708752134041,T-Shirt,Surly,MSURLY788,Logo T-Shirt,Medium,Green,28.00,28.00,17.00,04-000707,PE,No,EA,0.35,10.00,8.50,0.50,No,Surly Logo T-Shirt: Green MD,,,,
CL5109,708752134034,T-Shirt,Surly,MSURLY788,Logo T-Shirt,Large,Green,28.00,28.00,17.00,04-000707,PE,No,EA,0.35,10.00,8.50,0.50,No,Surly Logo T-Shirt: Green LG,,,,
CL5112,708752134003,T-Shirt,Surly,MSURLY788,Logo T-Shirt,Small,Green,28.00,28.00,17.00,04-000707,PE,No,EA,0.25,10.00,8.00,1.00,No,Surly Logo Women's T-Shirt: Green SM,,,,
CL5114,708752133983,T-Shirt,Surly,MSURLY788,Logo T-Shirt,Large,Green,28.00,28.00,17.00,04-000707,PE,No,EA,0.30,8.00,8.00,0.25,No,Surly Logo Women's T-Shirt: Green LG,,,,
CL5115,708752133976,T-Shirt,Surly,MSURLY788,Logo T-Shirt,X-Large,Green,28.00,28.00,17.00,04-000707,PE,No,EA,0.30,8.00,8.00,0.25,No,Surly Logo Women's T-Shirt: Green XL,,,,
CL5116,708752154841,T-Shirt,Surly,MSURLY788,Logo T-Shirt,Small,Blue,28.00,28.00,17.00,04-000792,PE,No,EA,0.30,10.00,8.25,0.75,No,Surly Men's Logo T-Shirt: Blue SM,,,,
CL5117,708752154834,T-Shirt,Surly,MSURLY788,Logo T-Shirt,Medium,Blue,28.00,28.00,17.00,04-000792,PE,No,EA,0.34,10.00,8.75,0.50,No,Surly Men's Logo T-Shirt: Blue MD,,,,
CL5118,708752154827,T-Shirt,Surly,MSURLY788,Logo T-Shirt,Large,Blue,28.00,28.00,17.00,04-000792,PE,No,EA,0.36,10.75,8.00,0.50,No,Surly Men's Logo T-Shirt: Blue LG,,,,
CL5119,708752154810,T-Shirt,Surly,MSURLY788,Logo T-Shirt,X-Large,Blue,28.00,28.00,17.00,04-000792,PE,No,EA,0.38,10.00,8.25,0.75,No,Surly Men's Logo T-Shirt: Blue XL,,,,
CL5121,708752154797,T-Shirt,Surly,MSURLY788,Logo T-Shirt,Small,Blue,28.00,28.00,17.00,04-000792,PE,No,EA,0.22,10.00,8.25,0.75,No,Surly Logo Women's T-Shirt: Blue SM,,,,
CL5122,708752154780,T-Shirt,Surly,MSURLY788,Logo T-Shirt,Medium,Blue,28.00,28.00,17.00,04-000792,PE,No,EA,0.24,10.00,8.25,0.75,No,Surly Logo Women's T-Shirt: Blue MD,,,,
CL5123,708752154773,T-Shirt,Surly,MSURLY788,Logo T-Shirt,Large,Blue,28.00,28.00,17.00,04-000792,PE,No,EA,0.26,10.00,8.25,0.75,No,Surly Logo Women's T-Shirt: Blue LG,,,,
CL5124,708752154766,T-Shirt,Surly,MSURLY788,Logo T-Shirt,X-Large,Blue,28.00,28.00,17.00,04-000792,PE,No,EA,0.28,10.00,8.25,0.75,No,Surly Logo Women's T-Shirt: Blue XL,,,,
CL5125,708752227668,T-Shirt,Surly,MSURLY100,Kill Your Television T-Shirt,Small,Black,28.00,28.00,17.00,04-000988,PE,No,EA,0.30,10.50,8.00,0.25,No,Surly Kill Your Television Women's T-Shirt: Black SM,,,,
CL5126,708752227682,T-Shirt,Surly,MSURLY100,Kill Your Television T-Shirt,Medium,Black,28.00,28.00,17.00,04-000988,PE,No,EA,0.30,10.50,8.00,0.25,No,Surly Kill Your Television Women's T-Shirt: Black MD,,,,
CL5127,708752227705,T-Shirt,Surly,MSURLY100,Kill Your Television T-Shirt,Large,Black,28.00,28.00,17.00,04-000988,PE,No,EA,0.30,10.50,8.00,0.25,No,Surly Kill Your Television Women's T-Shirt: Black LG,,,,
CL5128,708752227729,T-Shirt,Surly,MSURLY100,Kill Your Television T-Shirt,X-Large,Black,28.00,28.00,17.00,04-000988,PE,No,EA,0.30,10.50,8.00,0.25,No,Surly Kill Your Television Women's T-Shirt: Black XL,,,,
CL5130,708752154759,Headbands and Ear Protection,Surly,28320,Junk Rag Bandanna,One Size,Black,10.00,10.00,5.00,,US,No,EA,0.08,9.50,9.50,0.25,No,Surly Junk Rag: Black,,,,
CL5131,708752159921,T-Shirt,Surly,MSURLY66,Logo LS T-Shirt,Small,Black/White,28.00,28.00,17.00,04-000803,HN,No,EA,0.30,9.00,8.50,0.50,No,Surly Logo Long Sleeve Women's T-Shirt: Black/White SM,,,,
CL5132,708752159914,T-Shirt,Surly,MSURLY66,Logo LS T-Shirt,Medium,Black/White,28.00,28.00,17.00,04-000803,HN,No,EA,0.32,9.00,8.50,0.50,No,Surly Logo Long Sleeve Women's T-Shirt: Black/White MD,,,,
CL5133,708752159907,T-Shirt,Surly,MSURLY66,Logo LS T-Shirt,Large,Black/White,28.00,28.00,17.00,04-000803,HN,No,EA,0.36,9.00,8.50,0.50,No,Surly Logo Long Sleeve Women's T-Shirt: Black/White LG,,,,
CL5134,708752159891,T-Shirt,Surly,MSURLY66,Logo LS T-Shirt,X-Large,Black/White,28.00,28.00,17.00,04-000803,HN,No,EA,0.42,9.00,8.50,0.50,No,Surly Logo Long Sleeve Women's T-Shirt: Black/White XL,,,,
CL5135,708752227743,T-Shirt,Surly,MSURLY100,Kill Your Television T-Shirt,Small,Black,28.00,28.00,17.00,04-000988,PE,No,EA,0.30,10.50,8.00,0.25,No,Surly Kill Your Television Men's T-Shirt: Black SM,,,,
CL5136,708752227767,T-Shirt,Surly,MSURLY100,Kill Your Television T-Shirt,Medium,Black,28.00,28.00,17.00,04-000988,PE,No,EA,0.30,10.50,8.00,0.25,No,Surly Kill Your Television Men's T-Shirt: Black MD,,,,
CL5137,708752227781,T-Shirt,Surly,MSURLY100,Kill Your Television T-Shirt,Large,Black,28.00,28.00,17.00,04-000988,PE,No,EA,0.30,10.50,8.00,0.25,No,Surly Kill Your Television Men's T-Shirt: Black LG,,,,
CL5138,708752227804,T-Shirt,Surly,MSURLY100,Kill Your Television T-Shirt,X-Large,Black,28.00,28.00,17.00,04-000988,PE,No,EA,0.30,10.50,8.00,0.25,No,Surly Kill Your Television Men's T-Shirt: Black XL,,,,
CL5140,708752162440,T-Shirt,Surly,MSURLY28,Sacked T-Shirt,Small,Purple,28.00,28.00,17.00,04-000814,PE,No,EA,4.20,11.00,9.00,0.50,No,Surly Sacked Men's T-Shirt: Purple SM,,,,
CL5141,708752162433,T-Shirt,Surly,MSURLY28,Sacked T-Shirt,Medium,Purple,28.00,28.00,17.00,04-000814,PE,No,EA,0.65,10.25,7.75,0.50,No,Surly Sacked Men's T-Shirt: Purple MD,,,,
CL5143,708752162419,T-Shirt,Surly,MSURLY28,Sacked T-Shirt,X-Large,Purple,28.00,28.00,17.00,04-000814,PE,No,EA,0.36,11.00,9.00,0.50,No,Surly Sacked Men's T-Shirt: Purple XL,,,,
CL5149,708752163072,T-Shirt,Surly,MSURLY557,Hang a Leg T-Shirt,Small,Blue,28.00,28.00,17.00,04-000827,PE,No,EA,0.30,8.75,5.00,1.00,No,Surly Hang a Leg Men's T-Shirt: Blue SM,,,,
CL5150,708752163065,T-Shirt,Surly,MSURLY557,Hang a Leg T-Shirt,Medium,Blue,28.00,28.00,17.00,04-000827,PE,No,EA,0.30,8.75,0.50,10.75,No,Surly Hang a Leg Men's T-Shirt: Blue MD,,,,
CL5151,708752163058,T-Shirt,Surly,MSURLY557,Hang a Leg T-Shirt,Large,Blue,28.00,28.00,17.00,04-000827,PE,No,EA,0.30,8.75,0.50,10.75,No,Surly Hang a Leg Men's T-Shirt: Blue LG,,,,
CL5152,708752163041,T-Shirt,Surly,MSURLY557,Hang a Leg T-Shirt,X-Large,Blue,28.00,28.00,17.00,04-000827,PE,No,EA,0.40,8.75,6.00,1.00,No,Surly Hang a Leg Men's T-Shirt: Blue XL,,,,
CL5154,708752163027,T-Shirt,Surly,MSURLY557,Hang a Leg T-Shirt,Small,Blue,28.00,28.00,17.00,04-000827,PE,No,EA,0.25,8.75,5.00,1.00,No,Surly Hang a Leg Women's T-Shirt: Blue SM,,,,
CL5155,708752163010,T-Shirt,Surly,MSURLY557,Hang a Leg T-Shirt,Medium,Blue,28.00,28.00,17.00,04-000827,PE,No,EA,0.25,9.50,4.50,0.75,No,Surly Hang a Leg Women's T-Shirt: Blue MD,,,,
CL5156,708752163003,T-Shirt,Surly,MSURLY557,Hang a Leg T-Shirt,Large,Blue,28.00,28.00,17.00,04-000827,PE,No,EA,0.25,8.75,5.00,1.25,No,Surly Hang a Leg Women's T-Shirt: Blue LG,,,,
CL5157,708752162990,T-Shirt,Surly,MSURLY557,Hang a Leg T-Shirt,X-Large,Blue,28.00,28.00,17.00,04-000827,PE,No,EA,0.30,10.75,8.75,0.50,No,Surly Hang a Leg Women's T-Shirt: Blue XL,,,,
CL5158,708752213326,T-Shirt,Surly,MSURLY82,Merino Pocket T-Shirt,Small,Black,60.00,60.00,35.00,04-000779,CN,No,EA,0.35,13.25,10.25,0.25,No,Surly Merino Pocket T-Shirt: Black SM,,,,
CL5159,708752213340,T-Shirt,Surly,MSURLY82,Merino Pocket T-Shirt,Medium,Black,60.00,60.00,35.00,04-000779,CN,No,EA,0.35,13.25,10.25,0.25,No,Surly Merino Pocket T-Shirt: Black MD,,,,
CL5160,708752213364,T-Shirt,Surly,MSURLY82,Merino Pocket T-Shirt,Large,Black,60.00,60.00,35.00,04-000779,CN,No,EA,0.35,13.25,10.25,0.25,No,Surly Merino Pocket T-Shirt: Black LG,,,,
CL5161,708752213388,T-Shirt,Surly,MSURLY82,Merino Pocket T-Shirt,X-Large,Black,60.00,60.00,35.00,04-000779,CN,No,EA,0.40,13.25,10.25,0.25,No,Surly Merino Pocket T-Shirt: Black XL,,,,
CL5162,708752213401,T-Shirt,Surly,MSURLY82,Merino Pocket T-Shirt,2X-Large,Black,60.00,60.00,35.00,04-000779,CN,No,EA,0.40,13.25,10.25,0.25,No,Surly Merino Pocket T-Shirt: Black 2XL,,,,
CL5940,708752125483,T-Shirt,Surly,MSURLY77,Long Haul Trucker Edna T-Shirt,Large,Black,28.00,28.00,17.00,PCC-566-LG,PE,No,EA,0.30,8.00,8.00,0.25,No,Surly Long Haul Trucker Edna T-Shirt: Black LG,,,,
CL5941,708752125476,T-Shirt,Surly,MSURLY77,Long Haul Trucker Edna T-Shirt,X-Large,Black,28.00,28.00,17.00,PCC-566-XL,PE,No,EA,0.30,8.00,8.00,0.25,No,Surly Long Haul Trucker Edna T-Shirt: Black XL,,,,
CL5945,708752125438,T-Shirt,Surly,MSURLY78,Long Haul Trucker Joe T-Shirt,Large,Black,28.00,28.00,17.00,PCC-566-LG-W,PE,No,EA,0.28,8.75,7.50,0.75,No,Surly Long Haul Trucker Joe Women's T-Shirt: Black LG,,,,
CL6010,708752131897,T-Shirt,Surly,MSURLY788,Logo T-Shirt,Small,Purple,28.00,28.00,17.00,PCC-875,PE,No,EA,0.32,10.75,7.50,1.00,No,Surly Logo T-Shirt: Purple SM,,,,
CL6011,708752131880,T-Shirt,Surly,MSURLY788,Logo T-Shirt,Medium,Purple,28.00,28.00,17.00,PCC-875,PE,No,EA,0.36,10.75,7.50,1.00,No,Surly Logo T-Shirt: Purple MD,,,,
CL6012,708752131873,T-Shirt,Surly,MSURLY788,Logo T-Shirt,Large,Purple,28.00,28.00,17.00,PCC-875,PE,No,EA,0.38,10.75,7.50,1.00,No,Surly Logo T-Shirt: Purple LG,,,,
CL6013,708752131866,T-Shirt,Surly,MSURLY788,Logo T-Shirt,X-Large,Purple,28.00,28.00,17.00,PCC-875,PE,No,EA,0.42,10.75,7.50,1.00,No,Surly Logo T-Shirt: Purple XL,,,,
CL6016,708752131835,T-Shirt,Surly,MSURLY788,Logo T-Shirt,Medium,Purple,28.00,28.00,17.00,PCC-875,PE,No,EA,0.25,8.75,8.50,1.75,No,Surly Women's Logo T-Shirt: Purple MD,,,,
CL6017,708752131828,T-Shirt,Surly,MSURLY788,Logo T-Shirt,Large,Purple,28.00,28.00,17.00,PCC-875,PE,No,EA,0.30,9.00,7.50,1.00,No,Surly Women's Logo T-Shirt: Purple LG,,,,
CL6018,708752131811,T-Shirt,Surly,MSURLY788,Logo T-Shirt,X-Large,Purple,28.00,28.00,17.00,PCC-875,PE,No,EA,0.30,9.00,7.50,1.00,No,Surly Women's Logo T-Shirt: Purple XL,,,,
CL6981,708752116658,T-Shirt,Surly,MSURLY73,Steamroller T-Shirt,X-Large,Black,28.00,28.00,17.00,PCC-508-XL,PE,No,EA,0.30,10.00,8.00,0.50,No,Surly LGCY Steamroller T-Shirt: Black XL,,,,
CL6985,708752116610,T-Shirt,Surly,MSURLY73,Steamroller T-Shirt,Medium,Black,28.00,28.00,17.00,PCC-508-MD,PE,No,EA,0.30,10.00,8.00,0.50,No,Surly LGCY Steamroller Women's T-Shirt: Black MD,,,,
CL6986,708752116603,T-Shirt,Surly,MSURLY73,Steamroller T-Shirt,Large,Black,28.00,28.00,17.00,PCC-508-LG,PE,No,EA,0.30,10.00,8.00,0.50,No,Surly LGCY Steamroller Women's T-Shirt: Black  LG,,,,
CL9082,708752124356,T-Shirt,Surly,MSURLY35,Straggler T-Shirt,Small,Purple,28.00,28.00,17.00,PCC-728,PE,No,EA,0.38,10.00,9.00,0.50,No,Surly Straggler T-Shirt: Purple SM,,,,
CL9083,708752124349,T-Shirt,Surly,MSURLY35,Straggler T-Shirt,Medium,Purple,28.00,28.00,17.00,PCC-728,PE,No,EA,0.38,10.00,9.00,0.50,No,Surly Straggler T-Shirt: Purple MD,,,,
CL9084,708752124332,T-Shirt,Surly,MSURLY35,Straggler T-Shirt,Large,Purple,28.00,28.00,17.00,PCC-729,PE,No,EA,0.38,10.00,9.00,0.50,No,Surly Straggler T-Shirt: Purple LG,,,,
CL9085,708752124325,T-Shirt,Surly,MSURLY35,Straggler T-Shirt,X-Large,Purple,28.00,28.00,17.00,PCC-729,PE,No,EA,0.38,10.00,9.00,0.50,No,Surly Straggler T-Shirt: Purple XL,,,,
CL9087,708752124301,T-Shirt,Surly,MSURLY35,Straggler T-Shirt,Small,Purple,28.00,28.00,17.00,PCC-729,PE,No,EA,0.38,10.00,9.00,0.50,No,Surly Straggler Women's T-Shirt: Purple SM,,,,
CL9089,708752124288,T-Shirt,Surly,MSURLY35,Straggler T-Shirt,Large,Purple,28.00,28.00,17.00,PCC-729,PE,No,EA,0.38,10.00,9.00,0.50,No,Surly Straggler Women's T-Shirt: Purple LG,,,,
CL9090,708752124271,T-Shirt,Surly,MSURLY35,Straggler T-Shirt,X-Large,Purple,28.00,28.00,17.00,PCC-729,PE,No,EA,0.38,10.00,9.00,0.50,No,Surly Straggler Women's T-Shirt: Purple XL,,,,
CL9091,708752212305,T-Shirt,Surly,MSURLY10,Lounging Tiger&#44; Hidden Tire T-Shirt,Small,Purple,28.00,28.00,17.00,04-000901,PE,No,EA,0.35,10.50,8.75,0.50,No,Surly Lounging Tiger Hidden Tire Men's T-Shirt: Purple SM,,,,
CL9092,708752212329,T-Shirt,Surly,MSURLY10,Lounging Tiger&#44; Hidden Tire T-Shirt,Medium,Purple,28.00,28.00,17.00,04-000901,PE,No,EA,0.35,10.50,8.75,0.50,No,Surly Lounging Tiger Hidden Tire Men's T-Shirt: Purple MD,,,,
CL9093,708752212343,T-Shirt,Surly,MSURLY10,Lounging Tiger&#44; Hidden Tire T-Shirt,Large,Purple,28.00,28.00,17.00,04-000901,PE,No,EA,0.40,10.50,8.75,0.50,No,Surly Lounging Tiger Hidden Tire Men's T-Shirt: Purple LG,,,,
CL9094,708752212367,T-Shirt,Surly,MSURLY10,Lounging Tiger&#44; Hidden Tire T-Shirt,X-Large,Purple,28.00,28.00,17.00,04-000901,PE,No,EA,0.40,10.50,8.75,0.50,No,Surly Lounging Tiger Hidden Tire Men's T-Shirt: Purple XL,,,,
CL9096,708752212404,T-Shirt,Surly,MSURLY10,Lounging Tiger&#44; Hidden Tire T-Shirt,Small,Purple,28.00,28.00,17.00,04-000901,PE,No,EA,0.25,8.50,7.00,0.75,No,Surly Lounging Tiger Hidden Tire Women's T-Shirt: Purple SM,,,,
CL9097,708752212428,T-Shirt,Surly,MSURLY10,Lounging Tiger&#44; Hidden Tire T-Shirt,Medium,Purple,28.00,28.00,17.00,04-000901,PE,No,EA,0.25,10.50,8.75,0.50,No,Surly Lounging Tiger Hidden Tire Women's T-Shirt: Purple MD,,,,
CL9099,708752212466,T-Shirt,Surly,MSURLY10,Lounging Tiger&#44; Hidden Tire T-Shirt,X-Large,Purple,28.00,28.00,17.00,04-000901,PE,No,EA,0.30,9.50,8.25,0.50,No,Surly Lounging Tiger Hidden Tire Women's T-Shirt: Purple XL,,,,
CL9125,708752119819,Caps and Beanies,Surly,MSURLY81,Merino Beanie,One Size,Gray/Purple,40.00,40.00,20.00,,CN,No,EA,0.28,11.00,4.75,2.00,No,Surly Merino Wool Beanie Gray/Purple Stripe One Size,,,,
CL9634,708752157620,T-Shirt,Surly,MSURLY667,Long Haul Trucker Joe LS T-Shirt,X-Large,Black,28.00,28.00,17.00,04-000805,NI,No,EA,0.44,11.25,9.50,1.00,No,Surly Long Haul Trucker Joe Men's Long Sleeve Shirt: Black XL,,,,
CL9667,708752131972,T-Shirt,Surly,MSURLY27,Safety First Long Haul Trucker T-Shirt,Large,Black,28.00,28.00,17.00,PCC-810,PE,No,EA,0.30,8.00,8.00,0.25,No,Surly Safety First Long Haul Trucker George Women's T-Shirt: Black LG,,,,
CL9980,708752057869,T-Shirt,Surly,MSURLY66,Logo LS T-Shirt,X-Large,Black,24.00,24.00,14.00,ANVIL 949 BLACK,HN,No,EA,0.57,11.00,9.50,1.00,No,Surly Long Sleeve Logo T-Shirt: Black~ XL,,,,
CP0015,708752055162,Crank Arm Fixing Bolt,Surly,24673,Bearing Adjust Caps,,,6.50,6.50,3.25,NEW LONGER PRE-LOAD CA,TW,No,EA,0.02,1.00,1.00,0.50,No,Surly Bearing Pre-Load Cap Silver Non-Drive Crank Bolt,,,,
CP0016,708752039711,Crank Arm Fixing Bolt,Surly,24673,Bearing Adjust Caps,,,6.50,6.50,3.25,SURLY-NONDRIVE CAP BLK,TW,No,EA,0.01,4.00,3.25,0.25,No,Surly Bearing Pre-Load Cap Black Non-Drive Crank Bolt,,,,
CR0014,708752103238,Crank Part,Surly,surly_crank_par,Crank Parts,,,2.00,2.00,1.00,DRIVE ARM STOP WASHER,TW,No,EA,0.10,0.00,1.00,0.50,No,Mr Whirly Drive Arm stop Washer,,,,
CR0017,708752039728,Crank Arm Fixing Bolt,Surly,24640,Mr Whirly,,,6.50,6.50,3.25,CR0017,TW,No,EA,0.02,0.00,3.00,0.75,No,Surly Mr Whirly PTO Bolt Set Drive Side Silver,,,,
CR0018,708752039735,Crank Arm Fixing Bolt,Surly,24640,Mr Whirly,,,6.50,6.50,3.25,CR0018,TW,No,EA,0.02,0.00,3.00,0.75,No,Surly Mr Whirly PTO Bolt Set Drive Side Black,,,,
CR0026,708752039629,Crank Spider,Surly,9946,Mr. Whirly,,Black,64.75,64.75,41.00,CR0026,TW,No,EA,0.20,4.25,4.00,0.50,No,Surly Mr. Whirly Spider 58/94mm BCD Black,,CR0027,,
CR0027,708752039636,Crank Spider,Surly,9946,Mr. Whirly,,Black,64.75,64.75,41.00,CR0027,TW,No,EA,0.20,4.25,4.00,0.50,No,Surly Mr. Whirly Spider 58/94mm BCD Silver,,CR0026,,
CR0028,708752039643,Crank Spider,Surly,9946,Mr. Whirly,,Black,64.75,64.75,41.00,SURLY SPIDER 58/104 BL,TW,No,EA,0.09,4.00,4.50,0.25,No,Surly Mr. Whirly Spider 58/104mm BCD Black,,,,
CR0029,708752039650,Crank Spider,Surly,9946,Mr. Whirly,,Silver,64.75,64.75,41.00,CR0029,TW,No,EA,0.20,5.00,5.00,0.50,No,Surly Mr. Whirly Spider 58/104mm BCD Silver,,,,
CR0030,708752039667,Crank Spider,Surly,9946,Mr. Whirly,,Silver,64.75,64.75,41.00,CR0030,TW,No,EA,0.20,5.00,5.00,0.50,No,Surly Mr. Whirly Spider 58/110mm BCD Black,,CR0031,,
CR0031,708752039674,Crank Spider,Surly,9946,Mr. Whirly,,Silver,64.75,64.75,41.00,CR0031,TW,No,EA,0.20,5.00,5.00,0.50,No,Surly Mr. Whirly Spider 58/110mm BCD Silver,,CR0030,,
CR0032,708752039681,Spindle,Surly,24679,Mr. Whirly,,,57.50,57.50,37.00,CR0032,TW,No,EA,0.10,0.00,1.00,1.00,No,Surly Mr. Whirly Spindle for 68/73mm BB Shells 50mm Chainline,,,,
CR0033,708752039698,Spindle,Surly,24679,Mr. Whirly,,,62.50,62.50,40.00,CR0033,TW,No,EA,0.10,0.00,4.00,1.00,No,Surly Mr. Whirly Spindle for 100mm BB Shells Pugsley,,,,
CR0042,708752049994,Spindle,Surly,24679,Mr. Whirly,,,57.50,57.50,37.00,CR0042,TW,No,EA,0.20,0.00,4.00,1.00,No,Surly Mr. Whirly Spindle for 68mm BB Shells 47.5mm Chainline,,,,
CR0043,708752074064,Spindle,Surly,24679,Mr. Whirly,,,72.00,72.00,36.00,CR0043,TW,No,EA,0.47,0.00,4.00,1.00,No,Surly Mr. Whirly Spindle for 100mm BB Shells Moonlander,,,,
CR0048,708752042896,Chainring,Surly,2038,Stainless 5-Bolt,,Silver,44.00,44.00,22.00,CR0048,TW,No,EA,0.20,6.75,6.25,0.25,No,Surly Ring 38t x 110mm Stainless Steel,,,,
CR0049,708752042902,Chainring,Surly,2038,Stainless 5-Bolt,,Silver,44.00,44.00,22.00,CR0049,TW,No,EA,0.26,7.00,6.50,0.13,No,Surly Ring 39t x 110mm Stainless Steel,,,,
CR0050,708752039384,Chainring,Surly,2038,Stainless 5-Bolt,,Silver,44.00,44.00,22.00,CR0050,TW,No,EA,0.20,7.00,6.75,0.25,No,Surly Ring 40t x 110mm Stainless Steel,,CR1159,,
CR0051,708752039391,Chainring,Surly,2038,Stainless 5-Bolt,,Silver,44.00,44.00,22.00,CR0051,TW,No,EA,0.25,7.50,7.00,0.25,No,Surly Ring 42t x 110mm Stainless Steel,,,2018-05-02,
CR0052,708752039407,Chainring,Surly,2038,Stainless 5-Bolt,,Silver,60.00,60.00,30.00,CR0052,TW,No,EA,0.32,7.00,7.00,0.50,No,Surly Ring 44t x 110mm Stainless Steel,,,,
CR0053,708752039414,Chainring,Surly,2038,Stainless 5-Bolt,,Silver,60.00,60.00,30.00,CR0053,TW,No,EA,0.35,8.00,7.75,0.25,No,Surly Ring 46t x 110mm Stainless Steel,,,,
CR0054,708752039421,Chainring,Surly,2038,Stainless 5-Bolt,,Silver,60.00,60.00,30.00,CR0054,TW,No,EA,0.38,8.80,8.00,0.20,No,Surly Ring 47t x 110mm Stainless Steel,,,,
CR0055,708752039438,Chainring,Surly,2038,Stainless 5-Bolt,,Silver,60.00,60.00,30.00,CR0055,TW,No,EA,0.25,8.00,8.00,0.25,No,Surly Ring 48t x 110mm Stainless Steel,,,,
CR0056,708752039445,Chainring,Surly,2038,Stainless 5-Bolt,,Silver,60.00,60.00,30.00,CR0056,TW,No,EA,0.41,8.00,8.00,0.25,No,Surly Ring 49t x 110mm Stainless Steel,,,2018-04-26,
CR0057,708752039452,Chainring,Surly,2038,Stainless 5-Bolt,,Silver,60.00,60.00,30.00,CR0057,TW,No,EA,0.45,8.50,8.50,0.25,No,Surly Ring 50t x 110mm Stainless Steel,,,,
CR0060,708752039469,Chainring,Surly,2038,Stainless 5-Bolt,,Silver,48.00,48.00,24.00,CR0060,TW,No,EA,0.20,6.75,6.25,0.25,No,Surly Ring 38t x 130mm Stainless Steel,,,,
CR0061,708752039476,Chainring,Surly,2038,Stainless 5-Bolt,,Silver,48.00,48.00,24.00,CR0061,TW,No,EA,0.22,8.75,6.75,0.25,No,Surly Ring 39t x 130mm Stainless Steel,,,,
CR0062,708752039483,Chainring,Surly,2038,Stainless 5-Bolt,,Silver,48.00,48.00,24.00,CR0062,TW,No,EA,0.25,8.00,8.00,0.25,No,Surly Ring 40t x 130mm Stainless Steel,,,,
CR0063,708752039490,Chainring,Surly,2038,Stainless 5-Bolt,,Silver,48.00,48.00,24.00,CR0063,TW,No,EA,0.25,7.25,7.00,0.25,No,Surly Ring 42t x 130mm Stainless Steel,,,,
CR0064,708752039506,Chainring,Surly,2038,Stainless 5-Bolt,,Silver,48.00,48.00,24.00,CR0064,TW,No,EA,0.25,8.00,8.00,0.25,No,Surly Ring 44t x 130mm Stainless Steel,,,,
CR0065,708752039513,Chainring,Surly,2038,Stainless 5-Bolt,,Silver,62.00,62.00,31.00,CR0065,TW,No,EA,0.30,8.00,7.75,0.25,No,Surly Ring 46t x 130mm Stainless Steel,,,,
CR0066,708752039520,Chainring,Surly,2038,Stainless 5-Bolt,,Silver,62.00,62.00,31.00,CR0066,TW,No,EA,0.25,8.00,8.00,0.25,No,Surly Ring 47t x 130mm Stainless Steel,,,,
CR0067,708752039537,Chainring,Surly,2038,Stainless 5-Bolt,,Silver,62.00,62.00,31.00,CR0067,TW,No,EA,0.35,8.50,7.75,0.25,No,Surly Ring 48t x 130mm Stainless Steel,,,,
CR0068,708752039544,Chainring,Surly,2038,Stainless 5-Bolt,,Silver,62.00,62.00,31.00,CR0068,TW,No,EA,0.44,9.00,8.00,0.25,No,Surly Ring 49t x 130mm Stainless Steel,,,,
CR0069,708752039551,Chainring,Surly,2038,Stainless 5-Bolt,,Silver,62.00,62.00,31.00,CR0069,TW,No,EA,34.00,8.75,8.25,0.25,No,Surly Ring 50t x 130mm Stainless Steel,,,,
CR4190,708752032286,Chainring,Surly,2038,Stainless 5-Bolt,,Silver,30.00,30.00,15.00,CR4190,TW,No,EA,0.20,5.00,5.50,0.13,No,Surly Stainless Steel Ring 30t x 94mm,,,,
CR4191,708752032309,Chainring,Surly,2038,Stainless 5-Bolt,,Silver,30.00,30.00,15.00,CR4191,TW,No,EA,0.15,5.75,5.50,0.25,No,Surly Stainless Steel Ring 32t x 94mm,,,,
CR4192,708752032316,Chainring,Surly,2038,Stainless 5-Bolt,,Silver,30.00,30.00,15.00,CR4192,TW,No,EA,0.24,7.50,6.00,0.25,No,Surly Stainless Steel Ring 34t x 94mm,,,,
CR4193,708752032323,Chainring,Surly,2038,Stainless 5-Bolt,,Silver,30.00,30.00,15.00,CR4193,TW,No,EA,0.25,6.25,6.00,0.25,No,Surly Stainless Steel Ring 36t x 94mm,,,,
CR4194,708752032330,Chainring,Surly,13420,Stainless 4-Bolt,,Silver,30.00,30.00,15.00,CR4194,TW,No,EA,0.15,5.75,5.50,0.25,No,Surly Stainless Steel Ring 32t x 104mm,,CH0717,,
CR4194,708752032330,Chainring,Surly,13420,Stainless 4-Bolt,,Silver,30.00,30.00,15.00,CR4194,TW,No,EA,0.15,5.75,5.50,0.25,No,Surly Stainless Steel Ring 32t x 104mm,,CR1908,,
CR4195,708752032347,Chainring,Surly,13420,Stainless 4-Bolt,,Silver,30.00,30.00,15.00,CR4195,TW,No,EA,0.15,6.25,5.75,0.25,No,Surly Stainless Steel Ring 34t x 104mm,,,2018-05-02,
CR4196,708752032354,Chainring,Surly,13420,Stainless 4-Bolt,,Silver,30.00,30.00,15.00,CR4196,TW,No,EA,0.15,6.25,6.00,0.25,No,Surly Stainless Steel Ring 36t x 104mm,,,,
CR4197,708752032361,Chainring,Surly,2038,Stainless 5-Bolt,,Silver,30.00,30.00,15.00,CR4197,TW,No,EA,0.15,6.00,5.75,0.25,No,Surly Stainless Steel Ring 34t x 110mm,,,,
CR4198,708752032378,Chainring,Surly,2038,Stainless 5-Bolt,,Silver,30.00,30.00,15.00,CR4198,TW,No,EA,0.25,6.00,6.25,0.25,No,Surly Stainless Steel Ring 36t x 110mm,,,,
CR4628,708752128163,Chainring,Surly,K2362,X-Sync,,Silver,65.00,65.00,36.00,CR4628,TW,No,EA,0.25,8.00,8.00,0.25,No,Surly Narrow Wide X-Sync Ring 28t 58mm BCD Stainless Steel,,,,
CR4631,708752128149,Chainring Guard,Surly,K2363,X-Sync Chain Guard,,Black,45.00,45.00,22.50,CR4631,TW,No,EA,0.25,8.00,8.00,0.25,No,Surly Chainring Guard for O.D. 30t Max Black,,,,
CR5820,708752073999,Chainring,Surly,26445,MWOD Steel Inner,,Silver,28.00,28.00,14.00,CR5820,TW,No,EA,0.13,7.50,5.50,0.50,No,Surly Stainless Steel Chainring 20t x 58mm MWOD Inner,,,,
CR5821,708752074002,Chainring,Surly,26445,MWOD Steel Inner,,Silver,28.00,28.00,14.00,CR5821,TW,No,EA,0.14,7.50,5.50,0.50,No,Surly Stainless Steel Chainring 21t x 58mm MWOD Inner,,,,
CR5822,708752074019,Chainring,Surly,26445,MWOD Steel Inner,,Silver,28.00,28.00,14.00,CR5822,TW,No,EA,0.14,4.25,4.00,0.25,No,Surly Stainless Steel Chainring 22t x 58mm MWOD Inner,,,,
CR5824,708752074026,Chainring,Surly,26445,MWOD Steel Inner,,Silver,28.00,28.00,14.00,CR5824,TW,No,EA,0.20,7.50,5.50,0.50,No,Surly Stainless Steel Chainring 24t x 58mm MWOD Inner,,,,
CR5826,708752074033,Chainring,Surly,26445,MWOD Steel Inner,,Silver,30.00,30.00,15.00,CR5826,TW,No,EA,0.25,7.50,5.50,0.50,No,Surly Stainless Steel Chainring 26t x 58mm MWOD Inner,,,,
CR5833,708752074910,Chainring,Surly,27267,MWOD Aluminum Outer,,Black,65.00,65.00,34.00,CR5833,TW,No,EA,0.20,8.50,7.50,0.25,No,Surly Aluminum Chainring 33t MWOD Outer,,,,
CR5880,708752074934,Chainring Guard,Surly,27270,MWOD Bashguard,,Black,45.00,45.00,22.00,CR5880,TW,No,EA,0.20,8.50,7.50,0.50,No,Surly Chainring Guard for MWOD 36t Max Black,,,,
CR5884,708752074040,Chainring,Surly,27268,MWOD Chainring Sets,,Black,93.00,93.00,47.00,CR5884,TW,No,EA,0.44,7.75,7.75,1.00,No,Surly Chainring Set 20/33T MWOD,,,,
CR5885,708752074057,Chainring,Surly,27268,MWOD Chainring Sets,,Black,93.00,93.00,47.00,CR5885,TW,No,EA,0.44,7.75,7.75,1.00,No,Surly Chainring Set 22/36T MWOD,,,,
CR6191,708752034945,Chainring,Surly,2038,Stainless 5-Bolt,,Silver,30.00,30.00,15.00,CR6191,TW,No,EA,0.18,7.00,5.00,0.25,No,Surly Stainless Steel Ring 31t x 94mm,,,,
CR6192,708752034952,Chainring,Surly,2038,Stainless 5-Bolt,,Silver,30.00,30.00,15.00,CR6192,TW,No,EA,0.21,5.50,5.50,0.13,No,Surly Stainless Steel Ring 33t x 94mm,,,,
CR6193,708752034969,Chainring,Surly,2038,Stainless 5-Bolt,,Silver,30.00,30.00,15.00,CR6193,TW,No,EA,1.55,9.00,9.00,1.75,No,Surly Stainless Steel Ring 35t x 94mm,,,,
CR6195,708752034983,Chainring,Surly,13420,Stainless 4-Bolt,,Silver,30.00,30.00,15.00,CR6195,TW,No,EA,0.21,5.75,5.75,0.25,No,Surly Stainless Steel Ring 35t x 104mm,,,,
CR6197,708752035003,Chainring,Surly,2038,Stainless 5-Bolt,,Silver,30.00,30.00,15.00,CR6197,TW,No,EA,0.21,5.75,5.75,0.25,No,Surly Stainless Steel Ring 35t x 110mm,,,,
CR6885,708752130913,Chainring,Surly,29236,OD,,Silver,65.00,65.00,34.00,CR6885,TW,No,EA,0.35,5.75,5.50,0.25,No,Surly Updated OD Crank 33t Chainring,,,,
CR6886,708752130906,Chainring,Surly,29236,OD,,Silver,65.00,65.00,34.00,CR6886,TW,No,EA,0.40,6.25,5.75,0.25,No,Surly Updated OD Crank 36t Chainring,,,,
CR8609,708752103245,Crank Part,Surly,31815,Spacer Kit,,,18.00,18.00,9.00,CR8609,TW,No,EA,0.15,5.50,4.00,2.00,No,Surly OD Crank Single Speed Spacer Kit,,,,
CR8610,708752086760,Crankset,Surly,29232,OD,,Black,250.00,250.00,160.00,CR8610,TW,No,EA,3.60,12.25,10.25,8.25,No,Surly OD Crank 39/26 170mm Black 73mm Bottom Bracket Included,,,,
CR8612,708752095342,Crankset,Surly,29232,OD,,Black,250.00,250.00,160.00,CR8612,TW,No,EA,3.00,12.75,10.00,8.00,No,Surly OD Crank 39/26 180mm 73mm Bottom Bracket Included,,,2018-05-02,
CR8613,708752086784,Crankset,Surly,29232,OD,,Black,125.00,125.00,160.00,CR8613,TW,No,EA,3.00,12.75,10.00,8.00,No,Surly OD Crank 36/22 170mm Black 100mm Bottom Bracket Included,,,,
CR8614,708752086791,Crankset,Surly,29232,OD,,Black,125.00,125.00,160.00,CR8614,TW,No,EA,3.00,12.75,10.00,8.00,No,Surly OD Crank 36/22 175mm Black 100mm Bottom Bracket Included,,,,
CR8615,708752095359,Crankset,Surly,29232,OD,,Black,125.00,125.00,160.00,CR8615,TW,No,EA,3.00,12.75,10.00,8.00,No,Surly OD Crank 36/22 180mm Black 100mm Bottom Bracket Included,,,,
CR8616,708752086807,Crankset,Surly,29232,OD,,Black,125.00,125.00,160.00,CR8616,TW,No,EA,3.00,12.75,10.00,8.00,No,Surly OD Crank 36/22 170mm Moonlander Black 100mm Bottom Bracket,,,,
CR8623,708752097995,Cup and Bearing Kit,Surly,31814,OD,,,65.00,65.00,35.00,CR8623,TW,No,EA,0.20,6.00,4.00,1.00,No,Surly OD Crank Enduro Bottom Bracket Cups Only,,,,
CR8626,708752086876,Chainring,Surly,29236,OD,,Black,65.00,65.00,34.00,CR8626,TW,No,EA,0.19,6.50,6.25,0.25,No,Surly OD Chainring 39t,,,,
CR8627,708752095373,Bottom Bracket,Surly,29237,OD,,,65.00,65.00,35.00,CR8627,TW,No,EA,0.35,6.75,2.50,2.50,No,Surly OD Enduro Bottom Bracket Regular 73mm,,,,
CR8628,708752086883,Bottom Bracket,Surly,29237,OD,,,65.00,65.00,35.00,OD-BB(PUG),TW,No,EA,0.34,6.75,2.25,2.25,No,Surly OD Enduro Bottom Bracket Regular 100mm,,,,
CR8629,708752086890,Bottom Bracket,Surly,29237,OD,,,65.00,65.00,35.00,OD-BB(MON),TW,No,EA,0.45,6.25,2.00,2.00,No,Surly OD Enduro Bottom Bracket Moonlander 100mm,,,,
CR8636,708752113848,Crankset,Surly,29232,OD,,Black,250.00,250.00,160.00,CR8636,TW,No,EA,3.00,12.75,10.00,8.00,No,Surly OD Crank  36/22 170mm 132mm PressFit Bottom Bracket,,,,
CR8637,708752113831,Crankset,Surly,29232,OD,,Black,250.00,250.00,160.00,CR8637,TW,No,EA,3.00,12.75,10.00,8.00,No,Surly OD Crank  36/22 175mm 132mm PressFit Bottom Bracket,,,,
CR8638,708752113824,Crankset,Surly,29232,OD,,Black,250.00,250.00,160.00,CR8638,TW,No,EA,3.00,12.75,10.00,8.00,No,Surly OD Crank  36/22 180mm 132mm PressFit Bottom Bracket,,,,
CR8639,708752113817,Bottom Bracket,Surly,29237,OD,,,65.00,65.00,35.00,OD-PF BB(PF),TW,No,EA,4.00,6.75,2.25,2.25,No,Surly OD Enduro Press Fit Bottom Bracket 121-132mm,,,,
DP1002,708752029590,Chain Tensioner Part,Surly,24632,Tensioner Parts,,,4.20,4.20,2.10,TP91-7 UCP,TW,No,EA,0.01,2.75,2.25,0.75,No,Surly Singleator Pull-Up Spring,,,,
DP1003,708752031968,Chain Tensioner Part,Surly,24632,Tensioner Parts,,,4.20,4.20,2.10,DP1003,TW,No,EA,0.01,2.25,1.00,1.00,No,Surly Singleator Push-Down Spring,,,,
FK0012,708752107427,Rigid Mountain Fork,Surly,2797,1x1,,Black,90.00,90.00,50.00,85-000470_PMT01,TW,No,EA,3.00,29.50,7.00,2.50,No,Surly 1 x 26 100mm Fork 11/8 Threadless Black Suspension Correct for 100mm ,,,,
FK0026,708752085756,Rigid Mountain Fork,Surly,30056,Krampus,,Black,110.00,110.00,55.00,,TW,No,EA,3.36,30.00,6.75,3.25,No,Surly Krampus 29 Fork 1-1/8 Threadless Black Boss Model with Mounts,,,2018-04-27,
FK0027,708752098688,Rigid Mountain Fork,Surly,K6125,ECR,,Black,125.00,125.00,75.00,,TW,No,EA,3.85,32.00,7.50,3.75,No,Surly ECR 29+ Fork 1-1/8 Black,,,,
FK0030,708752107434,Rigid Mountain Fork,Surly,5215,Pugsley,,Black,116.00,116.00,58.00,,TW,No,EA,3.40,30.00,8.75,3.50,No,Surly Pugsley Fork 135mm Spacing 17.5mm Offset Straight Blade Black,,,,
FK0036,708752157989,Rigid Mountain Fork,Surly,23340,Troll,,Black,125.00,125.00,75.00,,TW,No,EA,3.80,29.25,7.50,3.75,No,Surly Troll 26  11/8 Nonsuspension Threadless Fork Black,,FK0048,,
FK0040,708752107465,Rigid Mountain Fork,Surly,K1665,Ice Cream Truck,,Black,185.00,185.00,110.00,,TW,No,EA,2.50,29.50,6.75,2.50,No,Surly Ice Cream Truck 150x15 Thru Axle Fork Black,,,,
FK0041,708752113763,Rigid Mountain Fork,Surly,K1665,Ice Cream Truck,,Black,116.00,116.00,58.00,85-000470_PMT01,TW,No,EA,3.00,30.00,6.75,3.00,No,Surly Ice Cream Truck 135x10 QR Fork Black,,,2018-04-27,
FK0045,708752107472,Rigid Mountain Fork,Surly,K1665,Ice Cream Truck,,Jack Frost Blue,185.00,185.00,110.00,,TW,No,EA,2.50,29.50,6.75,2.50,No,Surly Ice Cream Truck 150x15 Thru Axle Fork Jack Frost Blue,,,,
FK0053,708752218413,Rigid Mountain Fork,Surly,K6125,ECR,,Black,125.00,125.00,75.00,,TW,No,EA,3.25,29.75,6.75,2.75,No,Surly ECR 27.5+ Fork 1-1/8 Black,,FK0659,,
FK0061,708752201521,Cyclocross/Hybrid Fork,Surly,K5606,Pack Rat,,Black,125.00,125.00,75.00,,TW,No,EA,3.60,32.00,7.50,3.75,No,Surly Pack Rat 26 Fork Black,,,,
FK0062,708752201545,Cyclocross/Hybrid Fork,Surly,K5606,Pack Rat,,Black,125.00,125.00,75.00,,TW,No,EA,3.78,32.25,7.75,3.75,No,Surly Pack Rat 650b Fork Black,,,,
FK0065,708752113756,Rigid Mountain Fork,Surly,30056,Krampus,,Black,185.00,185.00,110.00,,TW,No,EA,3.25,30.00,6.75,3.25,No,Surly Krampus 29 Thru Axle Fork 1-1/8 Threadless Black,,,2018-04-27,
FK0112,708752056510,Cyclocross/Hybrid Fork,Surly,2789,Cross Check,,Black,100.00,100.00,50.00,,TW,No,EA,2.85,30.00,6.00,3.00,No,Surly Cross Check 1 Fork with Mid Eyelets w/o Threaded Bosses,,,,
FK0117,708752081338,Cyclocross/Hybrid Fork,Surly,2789,Cross Check,,Black,100.00,100.00,50.00,,TW,No,EA,2.85,30.00,6.00,3.00,No,Surly Cross Check 1 1/8 Fork with Mid Eyelets with Threaded Bosses,,,,
FK0705,708752068445,Rigid Mountain Fork,Surly,27290,Moonlander,,Black,116.00,116.00,58.00,,TW,No,EA,4.00,30.50,9.75,3.50,No,Surly Moonlander Fork 135mm Non-Offset Black,,,,
FK0707,708752081369,Rigid Mountain Fork,Surly,27290,Moonlander,,Black,116.00,116.00,58.00,,TW,No,EA,3.03,31.50,7.75,3.25,No,Surly Moonlander 26 Fork 135mm 28m Offset Black,,,,
FK0805,708752070981,Road Fork,Surly,27293,Pacer,,Black,100.00,100.00,50.00,,TW,No,EA,3.12,29.25,7.75,3.75,No,Surly Pacer Fork 700c 1-1/8 Threadless 44mm Rake Black,,,,
FK0911,708752071001,Cyclocross/Hybrid Fork,Surly,5449,Long Haul Trucker,,Black,100.00,100.00,55.00,,TW,No,EA,3.80,32.00,7.50,3.75,No,Surly Long Haul Trucker Fork 26 400mm w/ Logo Crown Black,,,,
FK0912,708752071018,Cyclocross/Hybrid Fork,Surly,5449,Long Haul Trucker,,Black,100.00,100.00,55.00,,TW,No,EA,2.98,30.00,6.25,3.00,No,Surly Long Haul Trucker Fork 700c w/ Logo Crown Black,,,,
FK0916,708752071032,Cyclocross/Hybrid Fork,Surly,27576,Disc Trucker,,Black,110.00,110.00,60.00,,TW,No,EA,3.85,31.75,7.75,3.75,No,Surly Disc Trucker Fork 26 400mm steerer Black,,,,
FK0917,708752071049,Cyclocross/Hybrid Fork,Surly,27576,Disc Trucker,,Black,110.00,110.00,60.00,,TW,No,EA,3.90,31.75,7.75,3.75,No,Surly Disc Trucker Fork 700c 350mm steerer Black,,,,
FK0950,708752098619,Cyclocross/Hybrid Fork,Surly,K2284,Straggler,,Black,110.00,110.00,60.00,,TW,No,EA,3.00,29.50,6.50,3.00,No,Surly Straggler Disc Fork: 700c 400mm 1-1/8 straight steerer Black,,,,
FK0952,708752113688,Cyclocross/Hybrid Fork,Surly,K2284,Straggler,,Black,110.00,110.00,60.00,,TW,No,EA,2.85,30.00,6.00,3.00,No,Surly Straggler Disc Fork: 650b 380mm 1-1/8 straight steerer Black,,,,
FK2214,708752129979,Rigid Mountain Fork,Surly,K5349,Wednesday Fork,,Black,185.00,185.00,110.00,,TW,No,EA,4.40,30.50,10.00,3.75,No,Surly Wednesday Fork Black,,,,
FK3002,708752030978,Road Fork,Surly,2812,Steamroller,,Black,100.00,100.00,50.00,,TW,No,EA,2.68,30.25,6.25,3.25,No,Surly Steamroller Fork 700c 1-1/8 Threadless Black,,,2018-04-28,
FK3175,708752086906,Rigid Mountain Fork,Surly,5215,Pugsley,,Engine Red,116.00,116.00,58.00,,TW,No,EA,3.09,30.50,7.75,3.00,No,Surly Pugsley Fork 135mm Offset Engine Red,,,,
FK3181,708752081383,Rigid Mountain Fork,Surly,27288,Pugsley Disc Only,,Loaded Yellow,116.00,116.00,58.00,,TW,No,EA,3.07,31.50,7.50,3.25,No,Surly Pugsley Fork 135mm Offset Loaded Yellow,,,,
FM0010,708752140035,Touring Frame,Surly,K4767,Troll Maroon,,Maroon,650.00,650.00,440.00,04-000667_PMT01,TW,No,EA,14.15,43.50,16.25,9.25,No,Surly Troll Frameset XS Get Gone Maroon,,,,
FM0011,708752140028,Touring Frame,Surly,K4767,Troll Maroon,,Maroon,650.00,650.00,440.00,04-000667_PMT01,TW,No,EA,14.40,43.25,18.25,8.75,No,Surly Troll Frameset SM Get Gone Maroon,,,,
FM0012,708752140011,Touring Frame,Surly,K4767,Troll Maroon,,Maroon,650.00,650.00,440.00,04-000667_PMT01,TW,No,EA,15.25,45.00,21.50,8.75,No,Surly Troll Frameset MD Get Gone Maroon,,,,
FM0030,708752139985,Touring Frame,Surly,K4768,Troll Black,,Black,650.00,650.00,440.00,,TW,No,EA,15.60,44.00,18.50,8.00,No,Surly Troll Frameset XS Black Forest,,,,
FM0031,708752139978,Touring Frame,Surly,K4768,Troll Black,,Black,650.00,650.00,440.00,,TW,No,EA,15.55,43.50,19.00,8.25,No,Surly Troll Frameset SM Black Forest,,,,
FM0032,708752139961,Touring Frame,Surly,K4768,Troll Black,,Black,650.00,650.00,440.00,,TW,No,EA,16.00,46.50,22.50,8.25,No,Surly Troll Frameset MD Black Forest,,,,
FM0033,708752139954,Touring Frame,Surly,K4768,Troll Black,,Black,650.00,650.00,440.00,,TW,No,EA,16.50,45.75,22.50,8.00,No,Surly Troll Frameset LG Black Forest,,,,
FM0034,708752139947,Touring Frame,Surly,K4768,Troll Black,,Black,650.00,650.00,440.00,,TW,No,EA,17.10,47.00,25.00,8.00,No,Surly Troll Frameset XL Black Forest,,,,
FM0040,708752185210,Touring Frame,Surly,K5916,Troll Pea Lime Pie Soup,,Pea Lime Pie ,650.00,650.00,440.00,,TW,No,EA,15.40,44.00,19.00,8.00,No,Surly Troll Frameset XS Pea Lime Pie Soup,,,,
FM0041,708752185234,Touring Frame,Surly,K5916,Troll Pea Lime Pie Soup,,Pea Lime Pie ,650.00,650.00,440.00,,TW,No,EA,15.65,44.00,19.00,8.00,No,Surly Troll Frameset SM Pea Lime Pie Soup,,,,
FM0042,708752185258,Touring Frame,Surly,K5916,Troll Pea Lime Pie Soup,,Pea Lime Pie ,650.00,650.00,440.00,,TW,No,EA,16.05,46.50,22.50,8.50,No,Surly Troll Frameset MD Pea Lime Pie Soup,,,,
FM0043,708752185272,Touring Frame,Surly,K5916,Troll Pea Lime Pie Soup,,Pea Lime Pie ,650.00,650.00,440.00,,TW,No,EA,16.60,46.00,22.00,8.00,No,Surly Troll Frameset LG Pea Lime Pie Soup,,,,
FM0044,708752185296,Touring Frame,Surly,K5916,Troll Pea Lime Pie Soup,,Pea Lime Pie ,650.00,650.00,440.00,,TW,No,EA,17.10,47.00,25.00,8.00,No,Surly Troll Frameset XL Pea Lime Pie Soup,,,,
FM0080,708752139930,Mountain Frame,Surly,K3821,Lowside Frameset -  Rainbow in the ,,Black,600.00,600.00,410.00,,TW,No,EA,12.00,44.00,20.00,8.00,No,Surly Lowside Frameset: X-Small Rainbow in the Dark,,,2018-04-28,
FM0080,708752139930,Mountain Frame,Surly,K3821,Lowside Frameset -  Rainbow in the ,,Rainbow in the ,600.00,600.00,410.00,,TW,No,EA,12.00,44.00,20.00,8.00,No,Surly Lowside Frameset: X-Small Rainbow in the Dark,,,2018-04-28,
FM0081,708752139923,Mountain Frame,Surly,K3821,Lowside Frameset -  Rainbow in the ,,Black,600.00,600.00,410.00,,TW,No,EA,12.00,44.00,20.00,8.00,No,Surly Lowside Frameset: Small Rainbow in the Dark,,,2018-04-28,
FM0081,708752139923,Mountain Frame,Surly,K3821,Lowside Frameset -  Rainbow in the ,,Rainbow in the ,600.00,600.00,410.00,,TW,No,EA,12.00,44.00,20.00,8.00,No,Surly Lowside Frameset: Small Rainbow in the Dark,,,2018-04-28,
FM0082,708752139916,Mountain Frame,Surly,K3821,Lowside Frameset -  Rainbow in the ,,Rainbow in the ,600.00,600.00,410.00,,TW,No,EA,12.00,44.00,20.00,8.00,No,Surly Lowside Frameset: Medium Rainbow in the Dark,,,2018-04-28,
FM0083,708752139909,Mountain Frame,Surly,K3821,Lowside Frameset -  Rainbow in the ,,Black,600.00,600.00,410.00,,TW,No,EA,12.00,44.00,20.00,8.00,No,Surly Lowside Frameset: Large Rainbow in the Dark,,,2018-04-28,
FM0083,708752139909,Mountain Frame,Surly,K3821,Lowside Frameset -  Rainbow in the ,,Rainbow in the ,600.00,600.00,410.00,,TW,No,EA,12.00,44.00,20.00,8.00,No,Surly Lowside Frameset: Large Rainbow in the Dark,,,2018-04-28,
FM0084,708752139893,Mountain Frame,Surly,K3821,Lowside Frameset -  Rainbow in the ,,Black,600.00,600.00,410.00,,TW,No,EA,12.00,44.00,20.00,8.00,No,Surly Lowside Frameset: X-Large Rainbow in the Dark,,,2018-04-28,
FM0084,708752139893,Mountain Frame,Surly,K3821,Lowside Frameset -  Rainbow in the ,,Rainbow in the ,600.00,600.00,410.00,,TW,No,EA,12.00,44.00,20.00,8.00,No,Surly Lowside Frameset: X-Large Rainbow in the Dark,,,2018-04-28,
FM0230,708752156968,Road Frame,Surly,K4592,Midnight Special Frame - Hot ,,Hot ,625.00,625.00,425.00,0,TW,No,EA,14.00,46.00,8.00,27.00,No,Surly Midnight Special Frameset 40cm Hot Mayonnaise,,,,
FM0231,708752156951,Road Frame,Surly,K4592,Midnight Special Frame - Hot ,,Hot ,625.00,625.00,425.00,0,TW,No,EA,14.00,46.00,8.00,27.00,No,Surly Midnight Special Frameset 46cm Hot Mayonnaise,,,,
FM0231A,,Road Frame,Surly,K4592,Midnight Special Frame - Hot ,,Hot ,525.00,525.00,360.00,,TW,No,,14.00,46.00,8.00,27.00,No,Surly Midnight Special Frame 46cm Hot Mayonnaise (Fork Not Included),,,,
FM0232,708752156944,Road Frame,Surly,K4592,Midnight Special Frame - Hot ,,Hot ,625.00,625.00,425.00,0,TW,No,EA,14.00,46.00,8.00,27.00,No,Surly Midnight Special Frameset 50cm Hot Mayonnaise,,,,
FM0232A,,Road Frame,Surly,K4592,Midnight Special Frame - Hot ,,Hot ,525.00,525.00,360.00,,TW,No,,14.00,46.00,8.00,27.00,No,Surly Midnight Special Frame 50cm Hot Mayonnaise (Fork Not Included),,,,
FM0233,708752156937,Road Frame,Surly,K4592,Midnight Special Frame - Hot ,,Hot ,625.00,625.00,425.00,0,TW,No,EA,14.00,46.00,8.00,27.00,No,Surly Midnight Special Frameset 54cm Hot Mayonnaise,,,,
FM0233A,,Road Frame,Surly,K4592,Midnight Special Frame - Hot ,,Hot ,525.00,525.00,360.00,,TW,No,,14.00,46.00,8.00,27.00,No,Surly Midnight Special Frame 54cm Hot Mayonnaise (Fork Not Included),,,,
FM0234,708752156920,Road Frame,Surly,K4592,Midnight Special Frame - Hot ,,Hot ,625.00,625.00,425.00,0,TW,No,EA,14.00,46.00,8.00,27.00,No,Surly Midnight Special Frameset 56cm Hot Mayonnaise,,,,
FM0235,708752155671,Road Frame,Surly,K4592,Midnight Special Frame - Hot ,,Hot ,625.00,625.00,425.00,0,TW,No,EA,14.00,46.00,8.00,27.00,No,Surly Midnight Special Frameset 58cm Hot Mayonnaise,,,,
FM0235A,,Road Frame,Surly,K4592,Midnight Special Frame - Hot ,,Hot ,525.00,525.00,360.00,,TW,No,,14.00,46.00,8.00,27.00,No,Surly Midnight Special Frame 58cm Hot Mayonnaise (Fork Not Included),,,,
FM0236,708752155664,Road Frame,Surly,K4592,Midnight Special Frame - Hot ,,Hot ,625.00,625.00,425.00,0,TW,No,EA,14.00,46.00,8.00,27.00,No,Surly Midnight Special Frameset 60cm Hot Mayonnaise,,,,
FM0237,708752155657,Road Frame,Surly,K4592,Midnight Special Frame - Hot ,,Hot ,625.00,625.00,425.00,0,TW,No,EA,14.00,46.00,8.00,27.00,No,Surly Midnight Special Frameset 64cm Hot Mayonnaise,,,,
FM0242,708752079380,Cyclocross Frame,Surly,22883,Cross Check Black,,Black,480.00,480.00,325.00,,TW,No,EA,13.90,41.25,8.25,20.00,No,Surly Cross Check 42cm Frameset Black ,,,,
FM0246,708752079397,Cyclocross Frame,Surly,22883,Cross Check Black,,Black,480.00,480.00,325.00,,TW,No,EA,12.40,41.50,20.50,7.00,No,Surly Cross Check 46cm Frameset Black ,,,,
FM0250,708752079403,Cyclocross Frame,Surly,22883,Cross Check Black,,Black,480.00,480.00,325.00,,TW,No,EA,13.00,43.00,23.00,8.00,No,Surly Cross Check 50cm Frameset Black ,,,,
FM0252,708752079410,Cyclocross Frame,Surly,22883,Cross Check Black,,Black,480.00,480.00,325.00,,TW,No,EA,12.70,43.00,23.00,8.00,No,Surly Cross Check 52cm Frameset Black ,,,,
FM0254,708752079427,Cyclocross Frame,Surly,22883,Cross Check Black,,Black,480.00,480.00,325.00,,TW,No,EA,13.00,43.25,24.25,7.00,No,Surly Cross Check 54cm Frameset Black ,,,,
FM0256,708752079434,Cyclocross Frame,Surly,22883,Cross Check Black,,Black,480.00,480.00,325.00,,TW,No,EA,13.25,44.00,25.00,7.00,No,Surly Cross Check 56cm Frameset Black ,,,2018-04-28,
FM0258,708752079441,Cyclocross Frame,Surly,22883,Cross Check Black,,Black,480.00,480.00,325.00,,TW,No,EA,13.80,45.00,26.00,8.00,No,Surly Cross Check 58cm Frameset Black ,,,,
FM0260,708752079458,Cyclocross Frame,Surly,22883,Cross Check Black,,Black,480.00,480.00,325.00,,TW,No,EA,15.90,44.50,8.25,25.75,No,Surly Cross Check 60cm Frameset Black ,,,,
FM0262,708752079465,Cyclocross Frame,Surly,22883,Cross Check Black,,Black,480.00,480.00,325.00,,TW,No,EA,14.85,45.25,27.00,7.25,No,Surly Cross Check 62cm Frameset Black ,,,,
FM0264,708752113657,Cyclocross Frame,Surly,22883,Cross Check Black,,Black,480.00,480.00,325.00,,TW,No,EA,15.95,44.75,8.00,27.50,No,Surly Cross Check 64cm Frameset Black,,,,
FM0270,708752163560,Touring Frame,Surly,K4754,ECR 27.5+ Beige Pantsuit,,Beige,725.00,725.00,490.00,,TW,No,EA,15.00,47.00,22.00,7.50,No,Surly ECR 27.5+ Frameset Beige Pantsuit XS,,,,
FM0270,708752163560,Touring Frame,Surly,K4754,ECR 27.5+ Beige Pantsuit,,Beige Pantsuit,725.00,725.00,490.00,,TW,No,EA,15.00,47.00,22.00,7.50,No,Surly ECR 27.5+ Frameset Beige Pantsuit XS,,,,
FM0271,708752163553,Touring Frame,Surly,K4754,ECR 27.5+ Beige Pantsuit,,Beige,725.00,725.00,490.00,,TW,No,EA,16.40,44.50,20.75,8.50,No,Surly ECR 27.5+ Frameset Beige Pantsuit SM,,,,
FM0271,708752163553,Touring Frame,Surly,K4754,ECR 27.5+ Beige Pantsuit,,Beige Pantsuit,725.00,725.00,490.00,,TW,No,EA,16.40,44.50,20.75,8.50,No,Surly ECR 27.5+ Frameset Beige Pantsuit SM,,,,
FM0272,708752163546,Touring Frame,Surly,K4754,ECR 27.5+ Beige Pantsuit,,Beige,725.00,725.00,490.00,,TW,No,EA,15.00,47.00,22.00,7.50,No,Surly ECR 27.5+ Frameset Beige Pantsuit MD,,,,
FM0272,708752163546,Touring Frame,Surly,K4754,ECR 27.5+ Beige Pantsuit,,Beige Pantsuit,725.00,725.00,490.00,,TW,No,EA,15.00,47.00,22.00,7.50,No,Surly ECR 27.5+ Frameset Beige Pantsuit MD,,,,
FM0273,708752163539,Touring Frame,Surly,K6151,ECR 29+ Beige Pantsuit,,Beige,725.00,725.00,490.00,,TW,No,EA,16.70,45.00,22.50,8.50,No,Surly ECR 29+ Frameset MD Beige Pantsuit,,,,
FM0273,708752163539,Touring Frame,Surly,K6151,ECR 29+ Beige Pantsuit,,Beige Pantsuit,725.00,725.00,490.00,,TW,No,EA,16.70,45.00,22.50,8.50,No,Surly ECR 29+ Frameset MD Beige Pantsuit,,,,
FM0274,708752163522,Touring Frame,Surly,K6151,ECR 29+ Beige Pantsuit,,Beige,725.00,725.00,490.00,,TW,No,EA,16.70,45.00,22.50,8.50,No,Surly ECR 29+ Frameset LG Beige Pantsuit,,,,
FM0274,708752163522,Touring Frame,Surly,K6151,ECR 29+ Beige Pantsuit,,Beige Pantsuit,725.00,725.00,490.00,,TW,No,EA,16.70,45.00,22.50,8.50,No,Surly ECR 29+ Frameset LG Beige Pantsuit,,,,
FM0275,708752163515,Touring Frame,Surly,K6151,ECR 29+ Beige Pantsuit,,Beige,725.00,725.00,490.00,,TW,No,EA,15.00,47.00,22.00,7.50,No,Surly ECR 29+ Frameset XL Beige Pantsuit,,,,
FM0275,708752163515,Touring Frame,Surly,K6151,ECR 29+ Beige Pantsuit,,Beige Pantsuit,725.00,725.00,490.00,,TW,No,EA,15.00,47.00,22.00,7.50,No,Surly ECR 29+ Frameset XL Beige Pantsuit,,,,
FM0370,708752244832,Mountain Frame,Surly,K6848,Krampus Frameset Pickled Beet Red,,Pickled Beet ,625.00,625.00,425.00,,TW,No,EA,14.00,46.00,7.00,28.00,No,Surly Krampus Frameset SM Pickled Beet Red,,,,
FM0371,708752244856,Mountain Frame,Surly,K6848,Krampus Frameset Pickled Beet Red,,Pickled Beet ,625.00,625.00,425.00,,TW,No,EA,14.00,46.00,7.00,28.00,No,Surly Krampus Frameset MD Pickled Beet Red,,,,
FM0372,708752244870,Mountain Frame,Surly,K6848,Krampus Frameset Pickled Beet Red,,Pickled Beet ,625.00,625.00,425.00,,TW,No,EA,14.00,46.00,7.00,28.00,No,Surly Krampus Frameset LG Pickled Beet Red,,,,
FM0373,708752244894,Mountain Frame,Surly,K6848,Krampus Frameset Pickled Beet Red,,Pickled Beet ,625.00,625.00,425.00,,TW,No,EA,14.00,46.00,7.00,28.00,No,Surly Krampus Frameset XL Pickled Beet Red,,,,
FM0781,708752139879,Touring Frame,Surly,K4799,Ogre Black,,Black,650.00,650.00,440.00,04-000669_PMT02,TW,No,EA,16.00,45.00,9.00,21.00,No,Surly Ogre Frameset SM Black,,,,
FM0782,708752139862,Touring Frame,Surly,K4799,Ogre Black,,Black,650.00,650.00,440.00,04-000669_PMT02,TW,No,EA,16.10,45.00,21.00,8.75,No,Surly Ogre Frameset MD Black,,,2018-04-27,
FM0783,708752139855,Touring Frame,Surly,K4799,Ogre Black,,Black,650.00,650.00,440.00,04-000669_PMT02,TW,No,EA,16.20,45.00,21.00,8.75,No,Surly Ogre Frameset LG Black,,,,
FM0784,708752139848,Touring Frame,Surly,K4799,Ogre Black,,Black,650.00,650.00,440.00,04-000669_PMT02,TW,No,EA,16.50,45.00,9.00,23.25,No,Surly Ogre Frameset XL Black,,,2018-04-28,
FM0791,708752139824,Touring Frame,Surly,33859,Ogre Rover Brown,,Rover Brown,650.00,650.00,440.00,04-000669_PMT01,TW,No,EA,14.60,44.00,17.50,8.75,No,Surly Ogre Frameset SM Rover Brown,,,,
FM0792,708752139817,Touring Frame,Surly,33859,Ogre Rover Brown,,Rover Brown,650.00,650.00,440.00,04-000669_PMT01,TW,No,EA,16.30,44.25,20.00,8.00,No,Surly Ogre Frameset MD Rover Brown,,,,
FM0793,708752139800,Touring Frame,Surly,33859,Ogre Rover Brown,,Rover Brown,650.00,650.00,440.00,04-000669_PMT01,TW,No,EA,16.20,45.00,21.00,9.00,No,Surly Ogre Frameset LG Rover Brown,,,2018-04-28,
FM0794,708752139794,Touring Frame,Surly,33859,Ogre Rover Brown,,Rover Brown,650.00,650.00,440.00,04-000669_PMT01,TW,No,EA,14.00,45.00,22.00,7.00,No,Surly Ogre Frameset XL Rover Brown,,,,
FM0805,708752138223,Mountain Frame,Surly,K3800,Karate Monkey Stand Back Purple,,Stand Back ,625.00,625.00,425.00,,TW,No,EA,14.55,45.00,16.50,9.00,No,Surly Karate Monkey Frameset XS Stand Back Purple,,,,
FM0806,708752138216,Mountain Frame,Surly,K3800,Karate Monkey Stand Back Purple,,Stand Back ,625.00,625.00,425.00,,TW,No,EA,14.80,45.00,16.50,9.00,No,Surly Karate Monkey Frameset SM Stand Back Purple,,,,
FM0807,708752138209,Mountain Frame,Surly,K3800,Karate Monkey Stand Back Purple,,Stand Back ,625.00,625.00,425.00,,TW,No,EA,15.55,45.25,8.50,17.25,No,Surly Karate Monkey Frameset MD Stand Back Purple,,,,
FM0808,708752138193,Mountain Frame,Surly,K3800,Karate Monkey Stand Back Purple,,Stand Back ,625.00,625.00,425.00,,TW,No,EA,17.00,48.00,21.00,8.00,No,Surly Karate Monkey Frameset LG Stand Back Purple,,,,
FM0809,708752138186,Mountain Frame,Surly,K3800,Karate Monkey Stand Back Purple,,Stand Back ,625.00,625.00,425.00,,TW,No,EA,17.10,48.00,21.00,8.00,No,Surly Karate Monkey Frameset XL Stand Back Purple,,,,
FM0842,708752086913,Cyclocross Frame,Surly,12554,Travelers Check,,Dark Milk,1099.00,1099.00,700.00,,TW,No,EA,14.00,46.00,28.00,7.00,No,Surly Travelers Check 42cm Dark Milk,,,,
FM0850,708752086937,Cyclocross Frame,Surly,12554,Travelers Check,,Dark Milk,1099.00,1099.00,700.00,,TW,No,EA,14.00,46.00,28.00,7.00,No,Surly Travelers Check 50cm Dark Milk,,,,
FM0852,708752086944,Cyclocross Frame,Surly,12554,Travelers Check,,Dark Milk,1099.00,1099.00,700.00,,TW,No,EA,14.00,46.00,28.00,7.00,No,Surly Travelers Check 52cm Dark Milk,,,2018-05-01,
FM0854,708752086951,Cyclocross Frame,Surly,12554,Travelers Check,,Dark Milk,1099.00,1099.00,700.00,,TW,No,EA,14.00,46.00,28.00,7.00,No,Surly Travelers Check 54cm Dark Milk,,,,
FM0856,708752086968,Cyclocross Frame,Surly,12554,Travelers Check,,Dark Milk,1099.00,1099.00,700.00,,TW,No,EA,16.00,50.00,30.00,8.00,No,Surly Travelers Check 56cm Dark Milk,,,,
FM0858,708752086975,Cyclocross Frame,Surly,12554,Travelers Check,,Dark Milk,1099.00,1099.00,700.00,,TW,No,EA,16.00,50.00,30.00,8.00,No,Surly Travelers Check 58cm Dark Milk,,,,
FM0860,708752086982,Cyclocross Frame,Surly,12554,Travelers Check,,Dark Milk,1099.00,1099.00,700.00,,TW,No,EA,16.00,50.00,30.00,8.00,No,Surly Travelers Check 60cm Dark Milk,,,,
FM0952,708752098541,Cyclocross Frame,Surly,32997,Straggler 700c Black,,Black,575.00,575.00,390.00,STRAGGLER 700 ,TW,No,EA,14.00,46.00,27.00,8.00,No,Surly Straggler 700c Frameset 52cm Gloss Black,,,,
FM0954,708752098558,Cyclocross Frame,Surly,32997,Straggler 700c Black,,Black,575.00,575.00,390.00,STRAGGLER 700 ,TW,No,EA,14.00,46.00,27.00,8.00,No,Surly Straggler 700c Frameset 54cm Gloss Black,,,,
FM0956,708752098565,Cyclocross Frame,Surly,32997,Straggler 700c Black,,Black,575.00,575.00,390.00,STRAGGLER 700 ,TW,No,EA,14.00,46.00,27.00,8.00,No,Surly Straggler 700c Frameset 56cm Gloss Black,,,,
FM0958,708752098572,Cyclocross Frame,Surly,32997,Straggler 700c Black,,Black,575.00,575.00,390.00,STRAGGLER 700 ,TW,No,EA,14.00,46.00,27.00,8.00,No,Surly Straggler 700c Frameset 58cm Gloss Black,,,2018-04-28,
FM0960,708752098589,Cyclocross Frame,Surly,32997,Straggler 700c Black,,Black,575.00,575.00,390.00,STRAGGLER 700 ,TW,No,EA,14.00,46.00,27.00,8.00,No,Surly Straggler 700c Frameset 60cm Gloss Black,,,,
FM0962,708752098596,Cyclocross Frame,Surly,32997,Straggler 700c Black,,Black,575.00,575.00,390.00,STRAGGLER 700 ,TW,No,EA,14.00,46.00,27.00,8.00,No,Surly Straggler 700c Frameset 62cm Gloss Black,,,,
FM1250,708752107755,Cyclocross Frame,Surly,K6481,Cross Check Cuba Libre,,Cuba Libre,480.00,480.00,325.00,CROSS CHECK 50CM FMSET ,TW,No,EA,14.00,46.00,28.00,7.00,No,Surly Cross Check 50cm Frameset Cuba Libre,,,,
FM1250,708752107755,Cyclocross Frame,Surly,K6481,Cross Check Cuba Libre,,Deep Auburn,480.00,480.00,325.00,CROSS CHECK 50CM FMSET ,TW,No,EA,14.00,46.00,28.00,7.00,No,Surly Cross Check 50cm Frameset Cuba Libre,,,,
FM1415,708752139787,Fat Bike Frame,Surly,K3822,Pugsley Frame - Candied Yam Orange,,Black/White,599.00,599.00,407.50,,TW,No,EA,15.55,46.00,19.25,8.25,No,Surly Pugsley Frameset XS Candied Yam Orange,,,,
FM1415,708752139787,Fat Bike Frame,Surly,K3822,Pugsley Frame - Candied Yam Orange,,Candied Yam ,599.00,599.00,407.50,,TW,No,EA,15.55,46.00,19.25,8.25,No,Surly Pugsley Frameset XS Candied Yam Orange,,,,
FM1416,708752139770,Fat Bike Frame,Surly,K3822,Pugsley Frame - Candied Yam Orange,,Black/White,599.00,599.00,407.50,,TW,No,EA,15.80,45.75,19.25,8.25,No,Surly Pugsley Frameset SM Candied Yam Orange,,,,
FM1416,708752139770,Fat Bike Frame,Surly,K3822,Pugsley Frame - Candied Yam Orange,,Candied Yam ,599.00,599.00,407.50,,TW,No,EA,15.80,45.75,19.25,8.25,No,Surly Pugsley Frameset SM Candied Yam Orange,,,,
FM1417,708752139763,Fat Bike Frame,Surly,K3822,Pugsley Frame - Candied Yam Orange,,Black/White,599.00,599.00,407.50,,TW,No,EA,16.10,45.75,19.00,8.25,No,Surly Pugsley Frameset MD Candied Yam Orange,,,,
FM1417,708752139763,Fat Bike Frame,Surly,K3822,Pugsley Frame - Candied Yam Orange,,Candied Yam ,599.00,599.00,407.50,,TW,No,EA,16.10,45.75,19.00,8.25,No,Surly Pugsley Frameset MD Candied Yam Orange,,,,
FM1418,708752139756,Fat Bike Frame,Surly,K3822,Pugsley Frame - Candied Yam Orange,,Black/White,599.00,599.00,407.50,,TW,No,EA,16.75,47.25,21.75,8.25,No,Surly Pugsley Frameset LG Candied Yam Orange,,,,
FM1418,708752139756,Fat Bike Frame,Surly,K3822,Pugsley Frame - Candied Yam Orange,,Candied Yam ,599.00,599.00,407.50,,TW,No,EA,16.75,47.25,21.75,8.25,No,Surly Pugsley Frameset LG Candied Yam Orange,,,,
FM1419,708752139749,Fat Bike Frame,Surly,K3822,Pugsley Frame - Candied Yam Orange,,Black/White,599.00,599.00,407.50,,TW,No,EA,17.25,47.25,22.00,8.25,No,Surly Pugsley Frameset XL Candied Yam Orange,,,,
FM1419,708752139749,Fat Bike Frame,Surly,K3822,Pugsley Frame - Candied Yam Orange,,Candied Yam ,599.00,599.00,407.50,,TW,No,EA,17.25,47.25,22.00,8.25,No,Surly Pugsley Frameset XL Candied Yam Orange,,,,
FM1490,708752155640,Touring Frame,Surly,K4594,Pack Rat Frame - Get In Green,,Get in Green,499.00,499.00,340.00,,TW,No,EA,13.25,41.00,18.50,8.00,No,Surly Pack Rat 26 Frameset 38cm Get In Green,,,2018-04-26,
FM1491,708752155633,Touring Frame,Surly,K4594,Pack Rat Frame - Get In Green,,Get in Green,499.00,499.00,340.00,,TW,No,EA,13.35,41.00,18.50,8.00,No,Surly Pack Rat 26 Frameset 42cm Get In Green,,,2018-04-26,
FM1492,708752155626,Touring Frame,Surly,K4594,Pack Rat Frame - Get In Green,,Get in Green,499.00,499.00,340.00,,TW,No,EA,14.10,41.00,22.50,8.00,No,Surly Pack Rat 26 Frameset 46cm Get In Green,,,2018-04-26,
FM1493,708752155619,Touring Frame,Surly,K4594,Pack Rat Frame - Get In Green,,Get in Green,499.00,499.00,340.00,,TW,No,EA,14.25,41.00,22.50,8.00,No,Surly Pack Rat 26 Frameset 50cm Get In Green,,,2018-04-26,
FM1494,708752155602,Touring Frame,Surly,K4594,Pack Rat Frame - Get In Green,,Get in Green,499.00,499.00,340.00,,TW,No,EA,15.10,44.00,8.00,25.00,No,Surly Pack Rat 650b Frameset 52cm Get In Green,,,2018-04-26,
FM1495,708752155596,Touring Frame,Surly,K4594,Pack Rat Frame - Get In Green,,Get in Green,499.00,499.00,340.00,,TW,No,EA,15.25,43.00,8.00,24.00,No,Surly Pack Rat 650b Frameset 54cm Get In Green,,,2018-04-26,
FM1496,708752155589,Touring Frame,Surly,K4594,Pack Rat Frame - Get In Green,,Get in Green,499.00,499.00,340.00,,TW,No,EA,15.20,43.00,9.00,24.00,No,Surly Pack Rat 650b Frameset 56cm Get In Green,,,2018-04-26,
FM1497,708752155572,Touring Frame,Surly,K4594,Pack Rat Frame - Get In Green,,Get in Green,499.00,499.00,340.00,,TW,No,EA,15.30,43.00,8.00,24.00,No,Surly Pack Rat 650b Frameset 58cm Get In Green,,,2018-04-26,
FM1500,708752094420,Mountain Frame,Surly,33044,Instigator 2.0,,Trans Am Gold,599.00,0.00,390.00,,TW,No,EA,14.00,46.00,28.00,7.00,No,Surly Instigator 2.0 MDS Frame Only XS Trans Am Gold with 2 Black 26 Rabbit ,,,,
FM1501,708752094437,Mountain Frame,Surly,33044,Instigator 2.0,,Trans Am Gold,599.00,0.00,390.00,,TW,No,EA,14.00,46.00,28.00,7.00,No,Surly Instigator 2.0 MDS Frame Only SM Trans Am Gold with 2 Black 26 Rabbit ,,,2018-05-01,
FM1502,708752094444,Mountain Frame,Surly,33044,Instigator 2.0,,Trans Am Gold,599.00,0.00,390.00,,TW,No,EA,14.00,46.00,28.00,7.00,No,Surly Instigator 2.0 MDS Frame Only MD Trans Am Gold with 2 Black 26 Rabbit ,,,,
FM1521,708752110106,Mountain Frame,Surly,K5164,Krampus Frameset - Dark Black,,Dark Black,625.00,625.00,425.00,,TW,No,EA,14.00,46.00,28.00,7.00,No,Surly Krampus Frameset Dark Black SM,,,,
FM1522,708752110113,Mountain Frame,Surly,K5164,Krampus Frameset - Dark Black,,Dark Black,625.00,625.00,425.00,,TW,No,EA,14.00,46.00,28.00,7.00,No,Surly Krampus Frameset Dark Black MD,,,,
FM1523,708752110120,Mountain Frame,Surly,K5164,Krampus Frameset - Dark Black,,Dark Black,625.00,625.00,425.00,,TW,No,EA,14.00,46.00,28.00,7.00,No,Surly Krampus Frameset Dark Black LG,,,,
FM1524,708752110137,Mountain Frame,Surly,K5164,Krampus Frameset - Dark Black,,Dark Black,625.00,625.00,425.00,,TW,No,EA,14.00,46.00,28.00,7.00,No,Surly Krampus Frameset Dark Black XL,,,,
FM1600,708752110434,Fat Bike Frame,Surly,K1182,Ice Cream Truck MDS,,Black,825.00,825.00,537.50,,TW,No,EA,13.50,46.00,20.00,8.00,No,Surly Ice Cream Truck MDS Frameset XS Black,,,,
FM1601,708752110441,Fat Bike Frame,Surly,K1182,Ice Cream Truck MDS,,Black,825.00,825.00,560.00,,TW,No,EA,16.40,47.00,18.50,9.75,No,Surly Ice Cream Truck MDS Frameset SM Black,,,,
FM1602,708752110458,Fat Bike Frame,Surly,K1182,Ice Cream Truck MDS,,Black,825.00,825.00,560.00,,TW,No,EA,16.80,48.00,19.00,9.75,No,Surly Ice Cream Truck MDS Frameset MD Black,,,,
FM1603,708752110465,Fat Bike Frame,Surly,K1182,Ice Cream Truck MDS,,Black,825.00,825.00,560.00,,TW,No,EA,13.50,46.00,20.00,8.00,No,Surly Ice Cream Truck MDS Frameset LG Black,,,,
FM1604,708752110472,Fat Bike Frame,Surly,K1182,Ice Cream Truck MDS,,Black,825.00,825.00,560.00,,TW,No,EA,13.50,46.00,20.00,8.00,No,Surly Ice Cream Truck MDS Frameset XL Black,,,,
FM1610,708752110496,Fat Bike Frame,Surly,K1182,Ice Cream Truck MDS,,Jack Frost Blue,825.00,825.00,537.50,,TW,No,EA,13.50,46.00,20.00,8.00,No,Surly Ice Cream Truck MDS Frameset XS Jack Frost Blue,,,,
FM1611,708752110502,Fat Bike Frame,Surly,K1182,Ice Cream Truck MDS,,Jack Frost Blue,825.00,825.00,537.50,,TW,No,EA,13.50,46.00,20.00,8.00,No,Surly Ice Cream Truck MDS Frameset SM Jack Frost Blue,,,,
FM1612,708752110519,Fat Bike Frame,Surly,K1182,Ice Cream Truck MDS,,Jack Frost Blue,825.00,825.00,537.50,,TW,No,EA,13.50,46.00,20.00,8.00,No,Surly Ice Cream Truck MDS Frameset MD Jack Frost Blue,,,2018-05-02,
FM1621,708752139725,Fat Bike Frame,Surly,K3824,Ice Cream Truck MDS Banana Candy ,,Banana Candy ,825.00,825.00,560.00,,TW,No,EA,16.50,47.50,18.25,9.75,No,Surly Ice Cream Truck MDS Frameset: Banana Candy Yellow SM,,,,
FM1622,708752139718,Fat Bike Frame,Surly,K3824,Ice Cream Truck MDS Banana Candy ,,Banana Candy ,825.00,825.00,560.00,,TW,No,EA,17.10,47.75,19.00,9.75,No,Surly Ice Cream Truck MDS Frameset: Banana Candy Yellow.MD,,,,
FM1623,708752139701,Fat Bike Frame,Surly,K3824,Ice Cream Truck MDS Banana Candy ,,Banana Candy ,825.00,825.00,560.00,,TW,No,EA,17.15,48.25,20.75,9.50,No,Surly Ice Cream Truck MDS Frameset: Banana Candy Yellow LG,,,,
FM1624,708752139695,Fat Bike Frame,Surly,K3824,Ice Cream Truck MDS Banana Candy ,,Banana Candy ,825.00,825.00,560.00,,TW,No,EA,17.70,49.50,22.75,9.50,No,Surly Ice Cream Truck MDS Frameset: Banana Candy Yellow .XL,,,,
FM1625,708752139688,Fat Bike Frame,Surly,K3824,Ice Cream Truck MDS Banana Candy ,,Banana Candy ,825.00,825.00,560.00,,TW,No,EA,13.50,46.00,20.00,8.00,No,Surly Ice Cream Truck MDS Frameset: Banana Candy Yellow XXL,,,,
FM1838,708752120730,Cyclocross Frame,Surly,K1958,Straggler 650b Black,,Black,575.00,575.00,390.00,04-000509_PMT02_B,TW,No,EA,14.00,46.00,28.00,7.00,No,Surly Straggler 650b Frameset 38cm Gloss Black,,,,
FM1842,708752120716,Cyclocross Frame,Surly,K1958,Straggler 650b Black,,Black,575.00,575.00,390.00,04-000509_PMT02_B,TW,No,EA,14.00,46.00,28.00,7.00,No,Surly Straggler 650b Frameset 42cm Gloss Black,,,,
FM1846,708752120693,Cyclocross Frame,Surly,K1958,Straggler 650b Black,,Black,575.00,575.00,390.00,04-000509_PMT02_B,TW,No,EA,14.00,46.00,7.00,28.00,No,Surly Straggler 650b Frameset 46cm Gloss Black,,,,
FM1850,708752120679,Cyclocross Frame,Surly,K1958,Straggler 650b Black,,Black,575.00,575.00,390.00,04-000509_PMT02_B,TW,No,EA,14.00,46.00,28.00,7.00,No,Surly Straggler 650b Frameset 50cm Gloss Black,,,,
FM1852,708752120662,Cyclocross Frame,Surly,K1958,Straggler 650b Black,,Black,575.00,575.00,390.00,,TW,No,EA,14.00,46.00,7.00,28.00,No,Surly Straggler 650b Frameset 52cm Gloss Black,,,,
FM1858,708752120631,Cyclocross Frame,Surly,K1958,Straggler 650b Black,,Black,575.00,575.00,390.00,04-000509_PMT02_B,TW,No,EA,14.00,46.00,28.00,7.00,No,Surly Straggler 650b Frameset 58cm Gloss Black,,,,
FM1870,708752197527,Cyclocross Frame,Surly,K5917,Straggler 650b Frameset - Blueberry ,,Blueberry ,575.00,575.00,390.00,,TW,No,EA,12.50,42.00,21.00,7.50,No,Surly Straggler 650b Frameset 38cm Blueberry Muffin Top,,,,
FM1871,708752197541,Cyclocross Frame,Surly,K5917,Straggler 650b Frameset - Blueberry ,,Blueberry ,575.00,575.00,390.00,,TW,No,EA,12.50,42.00,21.00,7.50,No,Surly Straggler 650b Frameset 42cm Blueberry Muffin Top,,,,
FM1872,708752197565,Cyclocross Frame,Surly,K5917,Straggler 650b Frameset - Blueberry ,,Blueberry ,575.00,575.00,390.00,,TW,No,EA,12.50,42.00,7.50,21.00,No,Surly Straggler 650b Frameset 46cm Blueberry Muffin Top,,,,
FM1873,708752197589,Cyclocross Frame,Surly,K5917,Straggler 650b Frameset - Blueberry ,,Blueberry ,575.00,575.00,390.00,,TW,No,EA,12.50,42.00,7.50,21.00,No,Surly Straggler 650b Frameset 50cm Blueberry Muffin Top,,,2018-04-28,
FM1874,708752197602,Cyclocross Frame,Surly,K5917,Straggler 650b Frameset - Blueberry ,,Blueberry ,575.00,575.00,390.00,,TW,No,EA,12.50,42.00,7.50,21.00,No,Surly Straggler 650b Frameset 52cm Blueberry Muffin Top,,,,
FM1880,708752197664,Cyclocross Frame,Surly,K5919,Straggler 700c Frameset - Blueberry ,,Blueberry ,575.00,575.00,390.00,,TW,No,EA,15.00,43.00,24.00,8.50,No,Surly Straggler 700c Frameset 52cm Blueberry Muffin Top,,,,
FM1881,708752197688,Cyclocross Frame,Surly,K5919,Straggler 700c Frameset - Blueberry ,,Blueberry ,575.00,575.00,390.00,,TW,No,EA,15.00,43.00,24.00,8.50,No,Surly Straggler 700c Frameset 54cm Blueberry Muffin Top,,,,
FM1882,708752197701,Cyclocross Frame,Surly,K5919,Straggler 700c Frameset - Blueberry ,,Blueberry ,575.00,575.00,390.00,,TW,No,EA,15.65,45.00,26.00,8.50,No,Surly Straggler 700c Frameset 56cm Blueberry Muffin Top,,,,
FM1883,708752197725,Cyclocross Frame,Surly,K5919,Straggler 700c Frameset - Blueberry ,,Blueberry ,575.00,575.00,390.00,,TW,No,EA,15.60,44.50,25.75,8.50,No,Surly Straggler 700c Frameset 58cm Blueberry Muffin Top,,,,
FM1884,708752197749,Cyclocross Frame,Surly,K5919,Straggler 700c Frameset - Blueberry ,,Blueberry ,575.00,575.00,390.00,,TW,No,EA,17.20,46.00,27.00,8.25,No,Surly Straggler 700c Frameset 60cm Blueberry Muffin Top,,,,
FM1885,708752197763,Cyclocross Frame,Surly,K5919,Straggler 700c Frameset - Blueberry ,,Blueberry ,575.00,575.00,390.00,,TW,No,EA,17.30,46.00,27.00,8.50,No,Surly Straggler 700c Frameset 62cm Blueberry Muffin Top,,,,
FM2210,708752129795,Fat Bike Frame,Surly,K4770,Wednesday Frameset - Trevor's Closet ,,Black,650.00,650.00,440.00,,TW,No,EA,14.00,48.00,28.00,7.00,No,Surly Wednesday Frameset XS Trevor's Closet Black,,,,
FM2211,708752129788,Fat Bike Frame,Surly,K4770,Wednesday Frameset - Trevor's Closet ,,Black,650.00,650.00,440.00,,TW,No,EA,15.00,43.00,16.00,10.25,No,Surly Wednesday Frameset SM Trevor's Closet Black,,,,
FM2212,708752129771,Fat Bike Frame,Surly,K4770,Wednesday Frameset - Trevor's Closet ,,Black,650.00,650.00,440.00,,TW,No,EA,14.00,48.00,28.00,7.00,No,Surly Wednesday Frameset MD Trevor's Closet Black,,,,
FM2213,708752129764,Fat Bike Frame,Surly,K4770,Wednesday Frameset - Trevor's Closet ,,Black,650.00,650.00,440.00,,TW,No,EA,14.00,48.00,28.00,7.00,No,Surly Wednesday Frameset LG Trevor's Closet Black,,,,
FM2220,708752156913,Fat Bike Frame,Surly,K4595,Wednesday Frameset - Calimocho Red,,Calimocho Red,650.00,650.00,440.00,,TW,No,EA,14.00,48.00,28.00,7.00,No,Surly Wednesday Frameset XS Calimocho Red,,,2018-04-27,
FM2221,708752156906,Fat Bike Frame,Surly,K4595,Wednesday Frameset - Calimocho Red,,Calimocho Red,650.00,650.00,440.00,,TW,No,EA,14.00,48.00,28.00,7.00,No,Surly Wednesday Frameset SM Calimocho Red,,,,
FM2222,708752156890,Fat Bike Frame,Surly,K4595,Wednesday Frameset - Calimocho Red,,Calimocho Red,650.00,650.00,440.00,,TW,No,EA,14.00,48.00,28.00,7.00,No,Surly Wednesday Frameset MD Calimocho Red,,,,
FM2223,708752156883,Fat Bike Frame,Surly,K4595,Wednesday Frameset - Calimocho Red,,Calimocho Red,650.00,650.00,440.00,,TW,No,EA,14.00,48.00,28.00,7.00,No,Surly Wednesday Frameset LG Calimocho Red,,,,
FM2224,708752156876,Fat Bike Frame,Surly,K4595,Wednesday Frameset - Calimocho Red,,Calimocho Red,650.00,650.00,440.00,,TW,No,EA,14.00,48.00,28.00,7.00,No,Surly Wednesday Frameset XL Calimocho Red,,,,
FM2249,708752138124,Track Frame,Surly,K4772,Steamroller Drink More Water Yellow,,Drink More ,435.00,435.00,280.00,04-000074_PMT01-C,TW,No,EA,11.90,40.75,22.50,7.00,No,Surly Steamroller Frameset 49cm Drink More Water Yellow,,,,
FM2253,708752138117,Track Frame,Surly,K4772,Steamroller Drink More Water Yellow,,Drink More ,435.00,435.00,280.00,04-000074_PMT01-C,TW,No,EA,14.00,46.00,7.00,28.00,No,Surly Steamroller Frameset 53cm Drink More Water Yellow,,,,
FM2259,708752138094,Track Frame,Surly,K4772,Steamroller Drink More Water Yellow,,Drink More ,435.00,435.00,280.00,04-000074_PMT01-C,TW,No,EA,13.15,42.50,26.50,7.00,No,Surly Steamroller Frameset 59cm Drink More Water Yellow,,,,
FM2262,708752138087,Track Frame,Surly,K4772,Steamroller Drink More Water Yellow,,Drink More ,435.00,435.00,280.00,04-000074_PMT01-C,TW,No,EA,13.45,42.75,27.25,7.25,No,Surly Steamroller Frameset 62cm Drink More Water Yellow,,,,
FM2550,708752129665,Cyclocross Frame,Surly,K3206,Straggler 650b Mint,,Mint,575.00,575.00,390.00,04-000509_PMT01_B,TW,No,EA,12.64,42.00,21.25,7.50,No,Surly Straggler 650b Frameset 50cm Mint,,,,
FM2552,708752129658,Cyclocross Frame,Surly,K3206,Straggler 650b Mint,,Mint,575.00,575.00,390.00,04-000509_PMT01_B,TW,No,EA,13.00,42.50,22.00,7.25,No,Surly Straggler 650b Frameset 52cm Mint,,,,
FM2556,708752129634,Cyclocross Frame,Surly,K3206,Straggler 650b Mint,,Mint,575.00,575.00,390.00,04-000509_PMT01_B,TW,No,EA,14.00,48.00,28.00,7.00,No,Surly Straggler 650b Frameset 56cm Mint,,,,
FM2558,708752129627,Cyclocross Frame,Surly,K3206,Straggler 650b Mint,,Mint,575.00,575.00,390.00,04-000509_PMT01_B,TW,No,EA,14.00,48.00,28.00,7.00,No,Surly Straggler 650b Frameset 58cm Mint,,,,
FM2856,708752138070,Touring Frame,Surly,K3746,Long Haul Trucker 700c Grandpa's ,,Grandpa's ,480.00,480.00,325.00,04-000388_PMT01,TW,No,EA,15.70,45.50,25.25,8.50,No,Surly Long Haul Trucker Frameset 56cm 700c Grandpa's Thermos,,,,
FM2858,708752138063,Touring Frame,Surly,K3746,Long Haul Trucker 700c Grandpa's ,,Grandpa's ,480.00,480.00,325.00,04-000388_PMT01,TW,No,EA,15.75,46.00,26.00,8.50,No,Surly Long Haul Trucker Frameset 58cm 700c Grandpa's Thermos,,,2018-04-28,
FM2860,708752138056,Touring Frame,Surly,K3746,Long Haul Trucker 700c Grandpa's ,,Grandpa's ,480.00,480.00,325.00,04-000388_PMT01,TW,No,EA,14.80,45.75,26.00,7.00,No,Surly Long Haul Trucker Frameset 60cm 700c Grandpa's Thermos,,,,
FM2862,708752138049,Touring Frame,Surly,K3746,Long Haul Trucker 700c Grandpa's ,,Grandpa's ,480.00,480.00,325.00,04-000388_PMT01,TW,No,EA,14.00,46.00,28.00,7.00,No,Surly Long Haul Trucker Frameset 62cm 700c Grandpa's Thermos,,,,
FM2942,708752138025,Touring Frame,Surly,K3745,"Long Haul Trucker 26""  Grandpa's ",,Grandpa's ,480.00,480.00,325.00,04-000387-PMT01,TW,No,EA,12.60,41.50,19.00,7.00,No,Surly Long Haul Trucker Frameset 42cm 26 Grandpa's Thermos,,,,
FM2946,708752138018,Touring Frame,Surly,K3745,"Long Haul Trucker 26""  Grandpa's ",,Grandpa's ,480.00,480.00,325.00,04-000387-PMT01,TW,No,EA,13.25,42.50,23.00,7.00,No,Surly Long Haul Trucker Frameset 46cm 26 Grandpa's Thermos,,,,
FM2950,708752138001,Touring Frame,Surly,K3745,"Long Haul Trucker 26""  Grandpa's ",,Grandpa's ,480.00,480.00,325.00,04-000387-PMT01,TW,No,EA,13.55,43.50,22.50,7.25,No,Surly Long Haul Trucker Frameset 50cm 26 Grandpa's Thermos,,,,
FM2952,708752137998,Touring Frame,Surly,K3745,"Long Haul Trucker 26""  Grandpa's ",,Grandpa's ,480.00,480.00,325.00,04-000387-PMT01,TW,No,EA,13.60,43.50,23.25,7.25,No,Surly Long Haul Trucker Frameset 52cm 26 Grandpa's Thermos,,,,
FM2954,708752137981,Touring Frame,Surly,K3745,"Long Haul Trucker 26""  Grandpa's ",,Grandpa's ,480.00,480.00,325.00,04-000387-PMT01,TW,No,EA,13.95,44.25,23.75,7.25,No,Surly Long Haul Trucker Frameset 54cm 26 Grandpa's Thermos,,,,
FM2956,708752137974,Touring Frame,Surly,K3745,"Long Haul Trucker 26""  Grandpa's ",,Grandpa's ,480.00,480.00,325.00,04-000387-PMT01,TW,No,EA,14.45,45.25,24.25,7.00,No,Surly Long Haul Trucker Frameset 56cm 26 Grandpa's Thermos,,,,
FM2958,708752137967,Touring Frame,Surly,K3745,"Long Haul Trucker 26""  Grandpa's ",,Grandpa's ,480.00,480.00,325.00,04-000387-PMT01,TW,No,EA,14.00,46.00,28.00,7.00,No,Surly Long Haul Trucker Frameset 58cm 26 Grandpa's Thermos,,,,
FM3000,708752185319,Touring Frame,Surly,K5540,"Disc Trucker 26"" Hi-Viz Black",,Black,525.00,525.00,355.00,,TW,No,EA,14.70,44.00,8.25,22.25,No,Surly Disc Trucker Frameset 42cm 26 Hi-Viz Black,,,,
FM3000,708752185319,Touring Frame,Surly,K5540,"Disc Trucker 26"" Hi-Viz Black",,Hi-Viz Black,525.00,525.00,355.00,,TW,No,EA,14.70,44.00,8.25,22.25,No,Surly Disc Trucker Frameset 42cm 26 Hi-Viz Black,,,,
FM3001,708752185333,Touring Frame,Surly,K5540,"Disc Trucker 26"" Hi-Viz Black",,Black,525.00,525.00,355.00,,TW,No,EA,14.50,43.75,8.00,22.75,No,Surly Disc Trucker Frameset 46cm 26 Hi-Viz Black,,,,
FM3001,708752185333,Touring Frame,Surly,K5540,"Disc Trucker 26"" Hi-Viz Black",,Hi-Viz Black,525.00,525.00,355.00,,TW,No,EA,14.50,43.75,8.00,22.75,No,Surly Disc Trucker Frameset 46cm 26 Hi-Viz Black,,,,
FM3002,708752185357,Touring Frame,Surly,K5540,"Disc Trucker 26"" Hi-Viz Black",,Black,525.00,525.00,355.00,,TW,No,EA,15.05,43.50,8.25,22.75,No,Surly Disc Trucker Frameset 50cm 26 Hi-Viz Black,,,,
FM3002,708752185357,Touring Frame,Surly,K5540,"Disc Trucker 26"" Hi-Viz Black",,Hi-Viz Black,525.00,525.00,355.00,,TW,No,EA,15.05,43.50,8.25,22.75,No,Surly Disc Trucker Frameset 50cm 26 Hi-Viz Black,,,,
FM3003,708752185371,Touring Frame,Surly,K5540,"Disc Trucker 26"" Hi-Viz Black",,Black,525.00,525.00,355.00,,TW,No,EA,15.35,45.25,8.00,24.25,No,Surly Disc Trucker Frameset 52cm 26 Hi-Viz Black,,,,
FM3003,708752185371,Touring Frame,Surly,K5540,"Disc Trucker 26"" Hi-Viz Black",,Hi-Viz Black,525.00,525.00,355.00,,TW,No,EA,15.35,45.25,8.00,24.25,No,Surly Disc Trucker Frameset 52cm 26 Hi-Viz Black,,,,
FM3004,708752185395,Touring Frame,Surly,K5540,"Disc Trucker 26"" Hi-Viz Black",,Black,525.00,525.00,355.00,,TW,No,EA,15.65,45.50,8.50,24.00,No,Surly Disc Trucker Frameset 54cm 26 Hi-Viz Black,,,,
FM3004,708752185395,Touring Frame,Surly,K5540,"Disc Trucker 26"" Hi-Viz Black",,Hi-Viz Black,525.00,525.00,355.00,,TW,No,EA,15.65,45.50,8.50,24.00,No,Surly Disc Trucker Frameset 54cm 26 Hi-Viz Black,,,,
FM3005,708752185418,Touring Frame,Surly,K5540,"Disc Trucker 26"" Hi-Viz Black",,Black,525.00,525.00,355.00,,TW,No,EA,16.50,46.00,8.25,26.00,No,Surly Disc Trucker Frameset 56cm 26 Hi-Viz Black,,,,
FM3005,708752185418,Touring Frame,Surly,K5540,"Disc Trucker 26"" Hi-Viz Black",,Hi-Viz Black,525.00,525.00,355.00,,TW,No,EA,16.50,46.00,8.25,26.00,No,Surly Disc Trucker Frameset 56cm 26 Hi-Viz Black,,,,
FM3006,708752185432,Touring Frame,Surly,K5540,"Disc Trucker 26"" Hi-Viz Black",,Black,525.00,525.00,355.00,,TW,No,EA,14.00,48.00,28.00,7.00,No,Surly Disc Trucker Frameset 58cm 26 Hi-Viz Black,,,,
FM3006,708752185432,Touring Frame,Surly,K5540,"Disc Trucker 26"" Hi-Viz Black",,Hi-Viz Black,525.00,525.00,355.00,,TW,No,EA,14.00,48.00,28.00,7.00,No,Surly Disc Trucker Frameset 58cm 26 Hi-Viz Black,,,,
FM3010,708752185456,Touring Frame,Surly,K5859,"Disc Trucker 26"" Bituminous Gray Frame",,Bituminous ,525.00,525.00,355.00,,TW,No,EA,14.70,43.75,8.25,22.25,No,Surly Disc Trucker Frameset 42cm 26 Bituminous Gray,,,,
FM3010,708752185456,Touring Frame,Surly,K5859,"Disc Trucker 26"" Bituminous Gray Frame",,Graphite Gray,525.00,525.00,355.00,,TW,No,EA,14.70,43.75,8.25,22.25,No,Surly Disc Trucker Frameset 42cm 26 Bituminous Gray,,,,
FM3011,708752185470,Touring Frame,Surly,K5859,"Disc Trucker 26"" Bituminous Gray Frame",,Bituminous ,525.00,525.00,355.00,,TW,No,EA,14.90,44.00,8.00,23.00,No,Surly Disc Trucker Frameset 46cm 26 Bituminous Gray,,,,
FM3011,708752185470,Touring Frame,Surly,K5859,"Disc Trucker 26"" Bituminous Gray Frame",,Graphite Gray,525.00,525.00,355.00,,TW,No,EA,14.90,44.00,8.00,23.00,No,Surly Disc Trucker Frameset 46cm 26 Bituminous Gray,,,,
FM3012,708752185494,Touring Frame,Surly,K5859,"Disc Trucker 26"" Bituminous Gray Frame",,Bituminous ,525.00,525.00,355.00,,TW,No,EA,15.05,43.50,8.25,22.75,No,Surly Disc Trucker Frameset 50cm 26 Bituminous Gray,,,,
FM3012,708752185494,Touring Frame,Surly,K5859,"Disc Trucker 26"" Bituminous Gray Frame",,Graphite Gray,525.00,525.00,355.00,,TW,No,EA,15.05,43.50,8.25,22.75,No,Surly Disc Trucker Frameset 50cm 26 Bituminous Gray,,,,
FM3013,708752185517,Touring Frame,Surly,K5859,"Disc Trucker 26"" Bituminous Gray Frame",,Bituminous ,525.00,525.00,355.00,,TW,No,EA,15.40,45.25,8.00,24.25,No,Surly Disc Trucker Frameset 52cm 26 Bituminous Gray,,,,
FM3013,708752185517,Touring Frame,Surly,K5859,"Disc Trucker 26"" Bituminous Gray Frame",,Graphite Gray,525.00,525.00,355.00,,TW,No,EA,15.40,45.25,8.00,24.25,No,Surly Disc Trucker Frameset 52cm 26 Bituminous Gray,,,,
FM3014,708752185531,Touring Frame,Surly,K5859,"Disc Trucker 26"" Bituminous Gray Frame",,Bituminous ,525.00,525.00,355.00,,TW,No,EA,15.45,45.50,8.50,24.50,No,Surly Disc Trucker Frameset 54cm 26 Bituminous Gray,,,,
FM3014,708752185531,Touring Frame,Surly,K5859,"Disc Trucker 26"" Bituminous Gray Frame",,Graphite Gray,525.00,525.00,355.00,,TW,No,EA,15.45,45.50,8.50,24.50,No,Surly Disc Trucker Frameset 54cm 26 Bituminous Gray,,,,
FM3015,708752185555,Touring Frame,Surly,K5859,"Disc Trucker 26"" Bituminous Gray Frame",,Bituminous ,525.00,525.00,355.00,,TW,No,EA,16.50,46.25,8.00,26.00,No,Surly Disc Trucker Frameset 56cm 26 Bituminous Gray,,,,
FM3015,708752185555,Touring Frame,Surly,K5859,"Disc Trucker 26"" Bituminous Gray Frame",,Graphite Gray,525.00,525.00,355.00,,TW,No,EA,16.50,46.25,8.00,26.00,No,Surly Disc Trucker Frameset 56cm 26 Bituminous Gray,,,,
FM3016,708752185579,Touring Frame,Surly,K5859,"Disc Trucker 26"" Bituminous Gray Frame",,Bituminous ,525.00,525.00,355.00,,TW,No,EA,14.00,48.00,28.00,7.00,No,Surly Disc Trucker Frameset 58cm 26 Bituminous Gray,,,,
FM3016,708752185579,Touring Frame,Surly,K5859,"Disc Trucker 26"" Bituminous Gray Frame",,Graphite Gray,525.00,525.00,355.00,,TW,No,EA,14.00,48.00,28.00,7.00,No,Surly Disc Trucker Frameset 58cm 26 Bituminous Gray,,,,
FM3042,708752129535,Touring Frame,Surly,27221,"Disc Trucker 26"" Brilliant Blue",,Brilliant Blue,525.00,499.00,355.00,DISC TRUCKER FM 42CM ,TW,No,EA,13.00,42.00,19.00,7.00,No,Surly Disc Trucker Frameset 42cm 26 Brilliant Blue,,,,
FM3046,708752129528,Touring Frame,Surly,27221,"Disc Trucker 26"" Brilliant Blue",,Brilliant Blue,525.00,499.00,355.00,DISC TRUCKER FM 46CM ,TW,No,EA,13.55,43.00,23.25,7.00,No,Surly Disc Trucker Frameset 46cm 26 Brilliant Blue,,,,
FM3050,708752129511,Touring Frame,Surly,27221,"Disc Trucker 26"" Brilliant Blue",,Brilliant Blue,525.00,499.00,355.00,DISC TRUCKER FM 50CM ,TW,No,EA,13.20,43.50,22.00,7.00,No,Surly Disc Trucker Frameset 50cm 26 Brilliant Blue,,,,
FM3052,708752129504,Touring Frame,Surly,27221,"Disc Trucker 26"" Brilliant Blue",,Brilliant Blue,525.00,499.00,355.00,DISC TRUCKER FM 52CM ,TW,No,EA,13.46,44.00,23.00,7.00,No,Surly Disc Trucker Frameset 52cm 26 Brilliant Blue,,,,
FM3054,708752129498,Touring Frame,Surly,27221,"Disc Trucker 26"" Brilliant Blue",,Brilliant Blue,525.00,499.00,355.00,DISC TRUCKER FM 54CM ,TW,No,EA,14.15,44.00,24.00,7.00,No,Surly Disc Trucker Frameset 54cm 26 Brilliant Blue,,,,
FM3058,708752129474,Touring Frame,Surly,27221,"Disc Trucker 26"" Brilliant Blue",,Brilliant Blue,525.00,499.00,355.00,DISC TRUCKER FM 58CM ,TW,No,EA,14.00,48.00,28.00,7.00,No,Surly Disc Trucker Frameset 58cm 26 Brilliant Blue,,,,
FM3105,708752185593,Touring Frame,Surly,K5541,Disc Trucker 700c Black,,Black,525.00,525.00,355.00,,TW,No,EA,16.20,45.25,8.00,26.00,No,Surly Disc Trucker Frameset 56cm 700c Hi-Viz Black,,,,
FM3105,708752185593,Touring Frame,Surly,K5541,Disc Trucker 700c Black,,Hi-Viz Black,525.00,525.00,355.00,,TW,No,EA,16.20,45.25,8.00,26.00,No,Surly Disc Trucker Frameset 56cm 700c Hi-Viz Black,,,,
FM3106,708752185616,Touring Frame,Surly,K5541,Disc Trucker 700c Black,,Black,525.00,525.00,355.00,,TW,No,EA,16.30,45.25,8.00,26.00,No,Surly Disc Trucker Frameset 58cm 700c Hi-Viz Black,,,,
FM3106,708752185616,Touring Frame,Surly,K5541,Disc Trucker 700c Black,,Hi-Viz Black,525.00,525.00,355.00,,TW,No,EA,16.30,45.25,8.00,26.00,No,Surly Disc Trucker Frameset 58cm 700c Hi-Viz Black,,,,
FM3107,708752185630,Touring Frame,Surly,K5541,Disc Trucker 700c Black,,Black,525.00,525.00,355.00,,TW,No,EA,16.30,44.75,8.00,27.50,No,Surly Disc Trucker Frameset 60cm 700c Hi-Viz Black,,,,
FM3107,708752185630,Touring Frame,Surly,K5541,Disc Trucker 700c Black,,Hi-Viz Black,525.00,525.00,355.00,,TW,No,EA,16.30,44.75,8.00,27.50,No,Surly Disc Trucker Frameset 60cm 700c Hi-Viz Black,,,,
FM3108,708752185654,Touring Frame,Surly,K5541,Disc Trucker 700c Black,,Black,525.00,525.00,355.00,,TW,No,EA,16.60,44.75,8.00,27.50,No,Surly Disc Trucker Frameset 62cm 700c Hi-Viz Black,,,,
FM3108,708752185654,Touring Frame,Surly,K5541,Disc Trucker 700c Black,,Hi-Viz Black,525.00,525.00,355.00,,TW,No,EA,16.60,44.75,8.00,27.50,No,Surly Disc Trucker Frameset 62cm 700c Hi-Viz Black,,,,
FM3109,708752185678,Touring Frame,Surly,K5541,Disc Trucker 700c Black,,Black,525.00,525.00,355.00,,TW,No,EA,14.00,48.00,28.00,7.00,No,Surly Disc Trucker Frameset 64cm 700c Hi-Viz Black,,,,
FM3109,708752185678,Touring Frame,Surly,K5541,Disc Trucker 700c Black,,Hi-Viz Black,525.00,525.00,355.00,,TW,No,EA,14.00,48.00,28.00,7.00,No,Surly Disc Trucker Frameset 64cm 700c Hi-Viz Black,,,,
FM3115,708752185692,Touring Frame,Surly,K5860,Disc Trucker 700c Bituminous Gray ,,Bituminous ,525.00,525.00,355.00,,TW,No,EA,16.10,45.25,8.50,26.00,No,Surly Disc Trucker Frameset 56cm 700c Bituminous Gray,,,,
FM3115,708752185692,Touring Frame,Surly,K5860,Disc Trucker 700c Bituminous Gray ,,Graphite Gray,525.00,525.00,355.00,,TW,No,EA,16.10,45.25,8.50,26.00,No,Surly Disc Trucker Frameset 56cm 700c Bituminous Gray,,,,
FM3116,708752185715,Touring Frame,Surly,K5860,Disc Trucker 700c Bituminous Gray ,,Bituminous ,525.00,525.00,355.00,,TW,No,EA,16.30,45.25,8.50,26.00,No,Surly Disc Trucker Frameset 58cm 700c Bituminous Gray,,,,
FM3116,708752185715,Touring Frame,Surly,K5860,Disc Trucker 700c Bituminous Gray ,,Graphite Gray,525.00,525.00,355.00,,TW,No,EA,16.30,45.25,8.50,26.00,No,Surly Disc Trucker Frameset 58cm 700c Bituminous Gray,,,,
FM3117,708752185739,Touring Frame,Surly,K5860,Disc Trucker 700c Bituminous Gray ,,Bituminous ,525.00,525.00,355.00,,TW,No,EA,16.50,44.75,8.00,27.50,No,Surly Disc Trucker Frameset 60cm 700c Bituminous Gray,,,,
FM3117,708752185739,Touring Frame,Surly,K5860,Disc Trucker 700c Bituminous Gray ,,Graphite Gray,525.00,525.00,355.00,,TW,No,EA,16.50,44.75,8.00,27.50,No,Surly Disc Trucker Frameset 60cm 700c Bituminous Gray,,,,
FM3118,708752185753,Touring Frame,Surly,K5860,Disc Trucker 700c Bituminous Gray ,,Bituminous ,525.00,525.00,355.00,,TW,No,EA,16.60,44.75,8.00,27.50,No,Surly Disc Trucker Frameset 62cm 700c Bituminous Gray,,,,
FM3118,708752185753,Touring Frame,Surly,K5860,Disc Trucker 700c Bituminous Gray ,,Graphite Gray,525.00,525.00,355.00,,TW,No,EA,16.60,44.75,8.00,27.50,No,Surly Disc Trucker Frameset 62cm 700c Bituminous Gray,,,,
FM3119,708752185777,Touring Frame,Surly,K5860,Disc Trucker 700c Bituminous Gray ,,Bituminous ,525.00,525.00,355.00,,TW,No,EA,14.00,48.00,7.00,28.00,No,Surly Disc Trucker Frameset 64cm 700c Bituminous Gray,,,,
FM3150,708752051553,Track Frame,Surly,3575,Steamroller Black,,Black,435.00,435.00,295.00,STEAMROLLER FMSET 49CM ,TW,No,EA,12.00,51.00,30.00,8.00,No,Surly Steamroller Frameset 49cm Black,,,,
FM3151,708752051560,Track Frame,Surly,3575,Steamroller Black,,Black,435.00,435.00,295.00,STEAMROLLER FMSET 53CM ,TW,No,EA,13.00,41.00,24.00,7.00,No,Surly Steamroller Frameset 53cm Black,,,,
FM3152,708752051577,Track Frame,Surly,3575,Steamroller Black,,Black,435.00,435.00,295.00,STEAMROLLER FMSET 56CM ,TW,No,EA,13.00,42.00,25.00,8.00,No,Surly Steamroller Frameset 56cm Black,,,,
FM3153,708752051584,Track Frame,Surly,3575,Steamroller Black,,Black,435.00,435.00,295.00,STEAMROLLER FMSET 59CM ,TW,No,EA,13.00,43.00,27.00,8.00,No,Surly Steamroller Frameset 59cm Black,,,,
FM3154,708752051591,Track Frame,Surly,3575,Steamroller Black,,Black,435.00,435.00,295.00,STEAMROLLER FMSET 62CM ,TW,No,EA,13.00,44.00,27.00,7.00,No,Surly Steamroller Frameset 62cm Black,,,,
FM3221,708752136687,Cargo Frame,Surly,K3789,Big Dummy Soil Ant Green,,Green,999.00,999.00,680.00,04-000502_PMT_A,TW,No,EA,27.96,70.00,25.75,12.00,No,Surly Big Dummy Frameset MD Soil Ant Green,,,,
FM3221,708752136687,Cargo Frame,Surly,K3789,Big Dummy Soil Ant Green,,Soil Ant Green,999.00,999.00,680.00,04-000502_PMT_A,TW,No,EA,27.96,70.00,25.75,12.00,No,Surly Big Dummy Frameset MD Soil Ant Green,,,,
FM3231,708752123380,Cargo Frame,Surly,10002,Big Dummy,,Black,999.00,999.00,680.00,,TW,No,EA,27.96,70.00,25.75,12.00,No,Surly Big Dummy Frameset  MD Blacktacular,,,,
FM3232,708752123373,Cargo Frame,Surly,10002,Big Dummy,,Black,999.00,999.00,680.00,,TW,No,EA,27.96,70.00,25.75,12.00,No,Surly Big Dummy Frameset  LG Blacktacular,,,,
FM3233,708752123366,Cargo Frame,Surly,10002,Big Dummy,,Black,999.00,999.00,680.00,,TW,No,EA,27.96,70.00,25.75,12.00,No,Surly Big Dummy Frameset  XL Blacktacular,,,,
FM3240,708752137936,Cargo Frame,Surly,K3749,Big Fat Dummy Tank Green,,Tank Green,1599.00,1600.00,1085.00,04-000535_PMT01_A ,TW,No,EA,29.00,73.00,20.00,13.00,No,Surly Big Fat Dummy Frameset SM T Green,,,,
FM3240A,708752223097,Cargo Frame,Surly,K3749,Big Fat Dummy Tank Green,,Tank Green,1599.00,1600.00,1085.00,04-,TW,No,EA,29.00,73.00,20.00,13.00,No,Surly Big Fat Dummy Frameset Small Tank Green *Pre-Assembled,,,,
FM3242,708752137912,Cargo Frame,Surly,K3749,Big Fat Dummy Tank Green,,Tank Green,1599.00,1600.00,1085.00,04-000535_PMT01_A ,TW,No,EA,29.00,73.00,13.00,20.00,No,Surly Big Fat Dummy Frameset LG T Green,,,,
FM3255,708752185791,Cargo Frame,Surly,K6825,Big Fat Dummy Cargo Frameset - Bliolet,,Biolet,1599.00,1599.00,1085.00,,TW,No,EA,45.80,74.25,13.00,29.50,No,Surly Big Fat Dummy Frameset SM Bliolet,,,,
FM3256,708752185814,Cargo Frame,Surly,K6825,Big Fat Dummy Cargo Frameset - Bliolet,,Biolet,1599.00,1599.00,1085.00,,TW,No,EA,47.10,75.50,13.50,30.00,No,Surly Big Fat Dummy Frameset MD Bliolet,,,,
FM3257,708752185838,Cargo Frame,Surly,K6825,Big Fat Dummy Cargo Frameset - Bliolet,,Biolet,1599.00,1599.00,1085.00,,TW,No,EA,47.30,75.50,13.50,29.00,No,Surly Big Fat Dummy Frameset LG Bliolet,,,,
FM3562,708752094604,Touring Frame,Surly,27221,"Disc Trucker 26"" Brilliant Blue",,Maroon,525.00,525.00,355.00,,TW,No,EA,14.60,46.00,27.00,8.00,No,Surly Disc Trucker Frameset 62cm 26 Maroon,,,,
FM3790,708752110038,Mountain Frame,Surly,K4766,Karate Monkey Hi-Viz Black,,Hi-Viz Black,625.00,625.00,425.00,,TW,No,EA,15.00,47.00,22.00,7.50,No,Surly Karate Monkey Frameset XS Hi-Viz Black,,,,
FM3791,708752110045,Mountain Frame,Surly,K4766,Karate Monkey Hi-Viz Black,,Hi-Viz Black,625.00,625.00,425.00,,TW,No,EA,15.00,47.00,22.00,7.50,No,Surly Karate Monkey Frameset SM Hi-Viz Black,,,,
FM3792,708752110052,Mountain Frame,Surly,K4766,Karate Monkey Hi-Viz Black,,Hi-Viz Black,625.00,625.00,425.00,,TW,No,EA,15.65,45.00,17.00,8.50,No,Surly Karate Monkey Frameset MD Hi-Viz Black,,,,
FM3793,708752110069,Mountain Frame,Surly,K4766,Karate Monkey Hi-Viz Black,,Hi-Viz Black,625.00,625.00,425.00,,TW,No,EA,16.95,48.00,21.00,8.00,No,Surly Karate Monkey Frameset LG Hi-Viz Black,,,,
FM3794,708752110076,Mountain Frame,Surly,K4766,Karate Monkey Hi-Viz Black,,Hi-Viz Black,625.00,625.00,425.00,,TW,No,EA,17.15,48.00,21.00,8.00,No,Surly Karate Monkey Frameset XL Hi-Viz Black,,,,
FM3860,708752079915,Touring Frame,Surly,27219,"Long Haul Trucker 26"" Smog Silver",,Smog Silver,480.00,480.00,325.00,,TW,No,EA,15.00,46.00,27.00,8.00,No,Surly Long Haul Trucker Frameset 60cm 26 Smog Silver,,,,
FM3862,708752079922,Touring Frame,Surly,27219,"Long Haul Trucker 26"" Smog Silver",,Smog Silver,480.00,480.00,325.00,,TW,No,EA,15.00,46.00,27.00,8.00,No,Surly Long Haul Trucker Frameset 62cm 26 Smog Silver,,,,
FM3881,708752107939,Mountain Frame,Surly,K4481,Krampus Frameset - Andy's Apple Red,,Andy's Apple ,625.00,625.00,425.00,,TW,No,EA,14.00,46.00,28.00,7.00,No,Surly Krampus Frameset Andy's Apple Red SM,,,,
FM3890,708752094703,Touring Frame,Surly,33004,ECR,,,699.00,699.00,450.00,,TW,No,EA,15.00,47.00,22.00,7.50,No,Surly ECR Frameset XS Dark Green includes 2 Polish Rabbit Hole Rims,,,,
FM3891,708752094710,Touring Frame,Surly,33004,ECR,,,699.00,699.00,450.00,,TW,No,EA,12.08,41.50,20.00,7.50,No,Surly ECR Frameset SM Dark Green includes 2 Polish Rabbit Hole Rims,,,,
FM5058,708752129436,Touring Frame,Surly,27222,Disc Trucker 700c Brilliant Blue,,Brilliant Blue,525.00,499.00,355.00,DISC TRUCKER FM 58CM ,TW,No,EA,14.10,45.50,25.50,7.25,No,Surly Disc Trucker Frameset 58cm 700c Brilliant Blue,,,,
FM5342,708752142039,Cyclocross Frame,Surly,K4477,Cross Check Urban DeGray,,Urban DeGray,480.00,480.00,325.00,04-CB-000012_PMT,TW,No,EA,14.00,46.00,28.00,7.00,No,Surly Cross Check 42cm Urban DeGray,,,,
FM5350,708752149571,Cyclocross Frame,Surly,K4477,Cross Check Urban DeGray,,Urban DeGray,480.00,480.00,325.00,04-CB-000012_PMT,TW,No,EA,13.00,42.25,23.00,8.00,No,Surly Cross Check 50cm Urban DeGray,,,,
FM5352,708752149564,Cyclocross Frame,Surly,K4477,Cross Check Urban DeGray,,Urban DeGray,480.00,480.00,325.00,04-CB-000012_PMT,TW,No,EA,13.20,42.50,23.00,7.25,No,Surly Cross Check 52cm Urban DeGray,,,,
FM5354,708752149557,Cyclocross Frame,Surly,K4477,Cross Check Urban DeGray,,Urban DeGray,480.00,480.00,325.00,04-CB-000012_PMT,TW,No,EA,14.00,46.00,28.00,7.00,No,Surly Cross Check 54cm Urban DeGray,,,,
FM5356,708752149540,Cyclocross Frame,Surly,K4477,Cross Check Urban DeGray,,Urban DeGray,480.00,480.00,325.00,04-CB-000012_PMT,TW,No,EA,14.00,46.00,28.00,7.00,No,Surly Cross Check 56cm Urban DeGray,,,,
FM5362,708752149519,Cyclocross Frame,Surly,K4477,Cross Check Urban DeGray,,Urban DeGray,480.00,480.00,325.00,04-CB-000012_PMT,TW,No,EA,14.00,46.00,28.00,7.00,No,Surly Cross Check 62cm Urban DeGray,,,,
FM6350,708752107984,Touring Frame,Surly,K6123,"Long Haul Trucker 26"" Cakipants",,Cakipants,480.00,480.00,325.00,"SURLY LHT FMSET 50CM26""  ",TW,No,EA,14.00,46.00,28.00,7.00,No,Surly Long Haul Trucker Frameset 50cm 26 Cakipants,,,,
FM6360,708752108035,Touring Frame,Surly,K6123,"Long Haul Trucker 26"" Cakipants",,Cakipants,480.00,480.00,325.00,,TW,No,EA,14.00,46.00,28.00,7.00,No,Surly Long Haul Trucker Frameset 60cm 26 Cakipants,,,,
FM7342,708752071377,Touring Frame,Surly,K6124,"Long Haul Trucker 26"" Black",,Blacktacular,480.00,480.00,325.00,04-000387-PMT02,TW,No,EA,12.60,42.00,18.75,7.00,No,Surly Long Haul Trucker Frameset 42cm 26 Black,,,,
FM7346,708752071384,Touring Frame,Surly,K6124,"Long Haul Trucker 26"" Black",,Blacktacular,480.00,480.00,325.00,04-000387-PMT02,TW,No,EA,13.25,43.00,23.50,7.00,No,Surly Long Haul Trucker Frameset 46cm 26 Black,,,,
FM7350,708752071391,Touring Frame,Surly,K6124,"Long Haul Trucker 26"" Black",,Blacktacular,480.00,480.00,325.00,04-000387-PMT02,TW,No,EA,13.25,43.50,22.25,7.00,No,Surly Long Haul Trucker Frameset 50cm 26 Black,,,,
FM7352,708752071407,Touring Frame,Surly,K6124,"Long Haul Trucker 26"" Black",,Blacktacular,480.00,480.00,325.00,04-000387-PMT02,TW,No,EA,13.35,44.00,23.00,7.00,No,Surly Long Haul Trucker Frameset 52cm 26 Black,,,,
FM7354,708752071414,Touring Frame,Surly,K6124,"Long Haul Trucker 26"" Black",,Blacktacular,480.00,480.00,325.00,04-000387-PMT02,TW,No,EA,13.65,45.00,25.00,8.00,No,Surly Long Haul Trucker Frameset 54cm 26 Black,,,,
FM7356,708752071421,Touring Frame,Surly,K6124,"Long Haul Trucker 26"" Black",,Blacktacular,480.00,480.00,325.00,04-000387-PMT02,TW,No,EA,14.30,45.25,24.00,7.00,No,Surly Long Haul Trucker Frameset 56cm 26 Black,,FM7456,,
FM7358,708752071438,Touring Frame,Surly,K6124,"Long Haul Trucker 26"" Black",,Blacktacular,480.00,480.00,325.00,04-000387-PMT02,TW,No,EA,14.40,45.00,24.50,7.00,No,Surly Long Haul Trucker Frameset 58cm 26 Black,,,,
FM7360,708752071445,Touring Frame,Surly,K6124,"Long Haul Trucker 26"" Black",,Blacktacular,480.00,480.00,325.00,04-000387-PMT02,TW,No,EA,14.55,46.00,8.00,26.00,No,Surly Long Haul Trucker Frameset 60cm 26 Black,,FM3860,,
FM7362,708752071452,Touring Frame,Surly,K6124,"Long Haul Trucker 26"" Black",,Blacktacular,480.00,480.00,325.00,04-000387-PMT02,TW,No,EA,15.35,46.00,27.00,8.00,No,Surly Long Haul Trucker Frameset 62cm 26 Black,,FM3862,,
FM7456,708752071469,Touring Frame,Surly,K6127,Long Haul Trucker 700c Black,,Blacktacular,480.00,480.00,325.00,04-000388_PMT02,TW,No,EA,14.20,46.00,27.00,8.00,No,Surly Long Haul Trucker Frameset 56cm 700c Black,,FM7356,,
FM7458,708752071476,Touring Frame,Surly,K6127,Long Haul Trucker 700c Black,,Blacktacular,480.00,480.00,325.00,04-000388_PMT02,TW,No,EA,14.20,46.00,27.00,8.00,No,Surly Long Haul Trucker Frameset 58cm 700c Black,,FM7358,,
FM7460,708752071483,Touring Frame,Surly,K6127,Long Haul Trucker 700c Black,,Blacktacular,480.00,480.00,325.00,04-000388_PMT02,TW,No,EA,14.25,45.25,26.00,7.00,No,Surly Long Haul Trucker Frameset 60cm 700c Black,,,,
FM7462,708752071490,Touring Frame,Surly,K6127,Long Haul Trucker 700c Black,,Blacktacular,480.00,480.00,325.00,04-000388_PMT02,TW,No,EA,16.20,46.00,27.00,8.00,No,Surly Long Haul Trucker Frameset 62cm 700c Black,,,,
FM8142,708752142022,Cyclocross Frame,Surly,K4771,Cross Check Mule Mug,,Copper Harbor,480.00,480.00,325.00,,TW,No,EA,12.55,41.00,19.00,7.00,No,Surly Cross Check Frameset 42cm Mule Mug,,,,
FM8146,708752142015,Cyclocross Frame,Surly,K4771,Cross Check Mule Mug,,Copper Harbor,480.00,480.00,325.00,,TW,No,EA,12.55,41.75,20.50,7.00,No,Surly Cross Check Frameset 46cm Mule Mug,,,,
FM8150,708752142008,Cyclocross Frame,Surly,K4771,Cross Check Mule Mug,,Copper Harbor,480.00,480.00,325.00,,TW,No,EA,13.30,42.50,22.50,7.00,No,Surly Cross Check Frameset 50cm Mule Mug,,,,
FM8152,708752141995,Cyclocross Frame,Surly,K4771,Cross Check Mule Mug,,Copper Harbor,480.00,480.00,325.00,,TW,No,EA,13.10,42.75,23.25,7.00,No,Surly Cross Check Frameset 52cm Mule Mug,,,2018-05-02,
FM8154,708752141988,Cyclocross Frame,Surly,K4771,Cross Check Mule Mug,,Copper Harbor,480.00,480.00,325.00,,TW,No,EA,14.00,46.00,28.00,7.00,No,Surly Cross Check Frameset 54cm Mule Mug,,,,
FM8156,708752141971,Cyclocross Frame,Surly,K4771,Cross Check Mule Mug,,Copper Harbor,480.00,480.00,325.00,,TW,No,EA,14.00,46.00,7.00,28.00,No,Surly Cross Check Frameset 56cm Mule Mug,,,,
FM8158,708752141964,Cyclocross Frame,Surly,K4771,Cross Check Mule Mug,,Copper Harbor,480.00,480.00,325.00,,TW,No,EA,15.75,44.50,8.00,26.00,No,Surly Cross Check Frameset 58cm Mule Mug,,,,
FM8160,708752141957,Cyclocross Frame,Surly,K4771,Cross Check Mule Mug,,Copper Harbor,480.00,480.00,325.00,,TW,No,EA,16.00,44.50,8.00,26.00,No,Surly Cross Check Frameset 60cm Mule Mug,,,,
FM8162,708752141940,Cyclocross Frame,Surly,K4771,Cross Check Mule Mug,,Copper Harbor,480.00,480.00,325.00,,TW,No,EA,14.70,45.25,27.25,7.00,No,Surly Cross Check Frameset 62cm Mule Mug,,,,
FM8164,708752141933,Cyclocross Frame,Surly,K4771,Cross Check Mule Mug,,Copper Harbor,480.00,480.00,325.00,,TW,No,EA,16.05,44.50,8.00,26.00,No,Surly Cross Check Frameset 64cm Mule Mug,,,,
FM9130,708752192430,Touring Frame,Surly,K5494,ECR 27.5+ Blacktacular,,Black,725.00,725.00,490.00,,TW,No,EA,15.85,42.75,20.75,8.25,No,Surly ECR 27.5+ Frameset Blacktacular XS,,,,
FM9130,708752192430,Touring Frame,Surly,K5494,ECR 27.5+ Blacktacular,,Blacktacular,725.00,725.00,490.00,,TW,No,EA,15.85,42.75,20.75,8.25,No,Surly ECR 27.5+ Frameset Blacktacular XS,,,,
FM9131,708752192454,Touring Frame,Surly,K5494,ECR 27.5+ Blacktacular,,Black,725.00,725.00,490.00,,TW,No,EA,16.35,44.50,20.75,8.25,No,Surly ECR 27.5+ Frameset Blacktacular SM,,,,
FM9131,708752192454,Touring Frame,Surly,K5494,ECR 27.5+ Blacktacular,,Blacktacular,725.00,725.00,490.00,,TW,No,EA,16.35,44.50,20.75,8.25,No,Surly ECR 27.5+ Frameset Blacktacular SM,,,,
FM9132,708752192478,Touring Frame,Surly,K5494,ECR 27.5+ Blacktacular,,Black,725.00,725.00,490.00,,TW,No,EA,16.40,44.50,20.75,8.25,No,Surly ECR 27.5+ Frameset Blacktacular MD,,,,
FM9132,708752192478,Touring Frame,Surly,K5494,ECR 27.5+ Blacktacular,,Blacktacular,725.00,725.00,490.00,,TW,No,EA,16.40,44.50,20.75,8.25,No,Surly ECR 27.5+ Frameset Blacktacular MD,,,,
FM9133,708752192492,Touring Frame,Surly,K5495,ECR 29+ Blacktacular,,Black,725.00,725.00,490.00,,TW,No,EA,15.00,47.00,7.50,22.00,No,Surly ECR 29+ Frameset Blacktacular MD,,,,
FM9133,708752192492,Touring Frame,Surly,K5495,ECR 29+ Blacktacular,,Blacktacular,725.00,725.00,490.00,,TW,No,EA,15.00,47.00,7.50,22.00,No,Surly ECR 29+ Frameset Blacktacular MD,,,,
FM9134,708752192515,Touring Frame,Surly,K5495,ECR 29+ Blacktacular,,Black,725.00,725.00,490.00,,TW,No,EA,15.00,47.00,22.00,7.50,No,Surly ECR 29+ Frameset Blacktacular LG,,,,
FM9134,708752192515,Touring Frame,Surly,K5495,ECR 29+ Blacktacular,,Blacktacular,725.00,725.00,490.00,,TW,No,EA,15.00,47.00,22.00,7.50,No,Surly ECR 29+ Frameset Blacktacular LG,,,,
FM9135,708752192539,Touring Frame,Surly,K5495,ECR 29+ Blacktacular,,Black,725.00,725.00,490.00,,TW,No,EA,15.00,47.00,22.00,7.50,No,Surly ECR 29+ Frameset Blacktacular XL,,,,
FM9135,708752192539,Touring Frame,Surly,K5495,ECR 29+ Blacktacular,,Blacktacular,725.00,725.00,490.00,,TW,No,EA,15.00,47.00,22.00,7.50,No,Surly ECR 29+ Frameset Blacktacular XL,,,,
FM9142,708752110144,Cyclocross Frame,Surly,K6469,Cross Check Frameset - My Milkshake,,My Milkshake,480.00,480.00,325.00,,TW,No,EA,13.00,43.00,24.00,8.00,No,Surly Cross Check Frameset  42cm My Milkshake,,,,
FM9146,708752110151,Cyclocross Frame,Surly,K6469,Cross Check Frameset - My Milkshake,,My Milkshake,480.00,480.00,325.00,,TW,No,EA,13.00,43.00,24.00,8.00,No,Surly Cross Check Frameset  46cm My Milkshake,,,,
FM9150,708752110168,Cyclocross Frame,Surly,K6469,Cross Check Frameset - My Milkshake,,My Milkshake,480.00,480.00,325.00,,TW,No,EA,13.00,43.00,24.00,8.00,No,Surly Cross Check Frameset  50cm My Milkshake,,,,
FM9152,708752110175,Cyclocross Frame,Surly,K6469,Cross Check Frameset - My Milkshake,,My Milkshake,480.00,480.00,325.00,,TW,No,EA,13.00,43.00,24.00,8.00,No,Surly Cross Check Frameset  52cm My Milkshake,,,,
FM9154,708752110182,Cyclocross Frame,Surly,K6469,Cross Check Frameset - My Milkshake,,My Milkshake,480.00,480.00,325.00,,TW,No,EA,13.00,43.00,24.00,8.00,No,Surly Cross Check Frameset  54cm My Milkshake,,,,
FM9156,708752110199,Cyclocross Frame,Surly,K6469,Cross Check Frameset - My Milkshake,,My Milkshake,480.00,480.00,325.00,,TW,No,EA,13.00,43.00,24.00,8.00,No,Surly Cross Check Frameset  56cm My Milkshake,,,,
FM9158,708752110205,Cyclocross Frame,Surly,K6469,Cross Check Frameset - My Milkshake,,My Milkshake,480.00,480.00,325.00,,TW,No,EA,13.00,43.00,24.00,8.00,No,Surly Cross Check Frameset  58cm My Milkshake,,,,
FM9160,708752110212,Cyclocross Frame,Surly,K6469,Cross Check Frameset - My Milkshake,,My Milkshake,480.00,480.00,325.00,,TW,No,EA,13.00,43.00,24.00,8.00,No,Surly Cross Check Frameset  60cm My Milkshake,,,,
FM9162,708752110229,Cyclocross Frame,Surly,K6469,Cross Check Frameset - My Milkshake,,My Milkshake,480.00,480.00,325.00,,TW,No,EA,13.00,43.00,24.00,8.00,No,Surly Cross Check Frameset  62cm My Milkshake,,,,
FM9164,708752129399,Cyclocross Frame,Surly,K6469,Cross Check Frameset - My Milkshake,,My Milkshake,480.00,480.00,325.00,,TW,No,EA,16.00,45.00,28.00,9.00,No,Surly Cross Check Frameset  64cm My Milkshake,,,,
FM9200,708752185852,Track Frame,Surly,K5864,Steamroller Ministry Gray,,Ministry Gray,435.00,435.00,295.00,,TW,No,EA,13.00,42.00,25.00,8.00,No,Surly Steamroller Frameset 49cm Ministry Gray,,,,
FM9201,708752185876,Track Frame,Surly,K5864,Steamroller Ministry Gray,,Ministry Gray,435.00,435.00,295.00,,TW,No,EA,13.00,42.00,25.00,8.00,No,Surly Steamroller Frameset 53cm Ministry Gray,,,,
FM9202,708752185890,Track Frame,Surly,K5864,Steamroller Ministry Gray,,Ministry Gray,435.00,435.00,295.00,,TW,No,EA,13.00,42.00,25.00,8.00,No,Surly Steamroller Frameset 56cm Ministry Gray,,,,
FM9203,708752185913,Track Frame,Surly,K5864,Steamroller Ministry Gray,,Ministry Gray,435.00,435.00,295.00,,TW,No,EA,13.00,42.00,25.00,8.00,No,Surly Steamroller Frameset 59cm Ministry Gray,,,,
FM9204,708752185937,Track Frame,Surly,K5864,Steamroller Ministry Gray,,Ministry Gray,435.00,435.00,295.00,,TW,No,EA,13.00,42.00,25.00,8.00,No,Surly Steamroller Frameset 62cm Ministry Gray,,,,
FS0001,708752032293,Dropout,Surly,24952,Dropout and Axle Spacers,,,20.00,20.00,12.00,FS0001,TW,No,EA,0.02,6.00,4.25,0.25,No,Surly Monkey Nuts v1 Dropout Spacers for Karate Monkey Pair,,,,
FS0002,708752039360,Dropout,Surly,24952,Dropout and Axle Spacers,,,20.00,20.00,12.00,MONKNUTS2PCW/BOLT,TW,No,PAA,0.01,4.75,3.75,0.25,No,Surly Monkey Nuts v2 Dropout Spacers for Karate Monkey Pair,,,,
FS0005,708752067080,Disc Brake Adaptor,Surly,27701,Disc Brake Adaptor,,,7.00,7.00,5.00,,TW,No,PAA,0.05,6.00,3.75,0.25,No,Surly Rear Disc Brake Adaptor,,,,
FS2005,708752114715,Dropout,Surly,K1065,MDS Dropout Chips,,,33.50,33.50,20.00,,TW,No,PAA,0.25,3.00,2.00,0.25,No,Surly MDS Chips: 10mm Axle Vertical Dropout  Alloy Standard hanger Pair,,,,
FS2006,708752114708,Dropout,Surly,K1065,MDS Dropout Chips,,,50.00,50.00,30.00,,TW,No,PAA,0.30,4.25,3.75,0.75,No,Surly MDS Chips: 10mm Axle Horizontal Dropout Stainless Steel Single Speed Pair,,,,
FS2007,708752114692,Dropout,Surly,K1065,MDS Dropout Chips,,,33.50,33.50,20.00,,TW,No,PAA,0.25,3.00,2.00,0.25,No,Surly MDS Chips: 12mm Thru-Axle Dropout Alloy Shimano Direct mount hanger ,,,,
FS2009,708752133037,Dropout,Surly,K1065,MDS Dropout Chips,,,33.50,33.50,20.00,04-000602_DRW_A-04.01,TW,No,PAA,0.15,4.00,4.25,0.75,No,Surly MDS Chips: 12mm Axle Horizontal Dropout Alloy Standard hanger and ,,,,
FS2012,708752171046,Dropout,Surly,K1065,MDS Dropout Chips,,,35.00,35.00,20.00,04-000815_DRW_A-00.00,TW,No,EA,0.16,4.25,4.00,1.00,No,Surly MDS Chips: 10mm Axle Horizontal Dropout Alloy Standard hanger and ,,,,
FS3065,708752050341,Miscellaneous Frame Supplies,Surly,24763,Protective Plug,,,13.00,13.00,8.25,,TW,No,EA,0.68,8.50,8.50,0.50,No,Surly Big Dummy Frame Protective Plug Insert,,,,
FS5060,708752113633,Dropout,Surly,K1365,Dropout Screws,,,6.00,6.00,3.00,FS5060,TW,No,EA,0.02,3.75,1.25,0.50,No,Surly Cross Check Frame Replacement Dropout Screws Pair,,,,
FS5061,708752113626,Dropout,Surly,K1365,Dropout Screws,,,6.00,6.00,3.00,,TW,No,EA,0.05,4.25,4.00,0.25,No,Surly Straggler Frame Replacement Dropout Screws Pair,,,,
FS5063,708752244269,Dropout,Surly,24952,Dropout and Axle Spacers,,,20.00,20.00,12.00,FS5063,TW,No,EA,0.05,4.50,4.00,0.50,No,Surly Monkey Nuts v3 Dropout Spacers Each,,,,
FW2062,708752031982,Track Cog,Surly,3844,Surly Track Cogs,,,30.00,30.00,15.00,FW2062,TW,No,EA,0.15,5.50,4.50,0.50,No,Surly Track Cog  1/8'' X 14t Silver,,FW6886,,
FW2063,708752031999,Track Cog,Surly,3844,Surly Track Cogs,,,30.00,30.00,15.00,FW2063,TW,No,EA,0.15,5.50,4.25,0.50,No,Surly Track Cog  1/8'' X 15t Silver,,FW6887,2018-05-02,
FW2064,708752032002,Track Cog,Surly,3844,Surly Track Cogs,,,30.00,30.00,15.00,FW2064,TW,No,EA,0.19,5.50,4.25,0.25,No,Surly Track Cog  1/8'' X 16t Silver,,FW6888,,
FW2065,708752032019,Track Cog,Surly,3844,Surly Track Cogs,,,30.00,30.00,15.00,FW2065,TW,No,EA,0.20,5.50,4.25,0.50,No,Surly Track Cog  1/8'' X 17t Silver,,,,
FW2066,708752032026,Track Cog,Surly,3844,Surly Track Cogs,,,30.00,30.00,15.00,FW2066,TW,No,EA,0.15,5.50,4.25,0.25,No,Surly Track Cog  1/8'' X 18t Silver,,,,
FW2067,708752032033,Track Cog,Surly,3844,Surly Track Cogs,,,30.00,30.00,15.00,FW2067,TW,No,EA,0.25,5.25,4.25,0.50,No,Surly Track Cog  1/8'' X 19t Silver,,,,
FW2068,708752032040,Track Cog,Surly,3844,Surly Track Cogs,,,30.00,30.00,15.00,FW2068,TW,No,EA,0.26,5.50,4.00,0.50,No,Surly Track Cog  1/8'' X 20t Silver,,,,
FW2069,708752032057,Track Cog,Surly,3844,Surly Track Cogs,,,30.00,30.00,15.00,FW2069,TW,No,EA,0.29,5.50,4.00,0.50,No,Surly Track Cog  1/8'' X 21t Silver,,,,
FW2071,708752032071,Driver and Single Cog,Surly,6519,Single Cogs,,,30.00,30.00,15.00,FW2071,TW,No,EA,0.10,5.50,4.25,0.50,No,Surly Single Cassette Cog 3/32 Splined 13t,,FW1313,,
FW2072,708752032088,Driver and Single Cog,Surly,6519,Single Cogs,,,30.00,30.00,15.00,FW2072,TW,No,EA,0.10,5.50,4.25,0.25,No,Surly Single Cassette Cog 3/32 Splined 14t,,FW1314,,
FW2073,708752032095,Driver and Single Cog,Surly,6519,Single Cogs,,,30.00,30.00,15.00,FW2073,TW,No,EA,0.10,5.50,4.50,0.50,No,Surly Single Cassette Cog 3/32 Splined 15t,,FW1315,2018-04-27,
FW2074,708752032101,Driver and Single Cog,Surly,6519,Single Cogs,,,30.00,30.00,15.00,FW2074,TW,No,EA,0.15,5.50,4.25,0.25,No,Surly Single Cassette Cog 3/32 Splined 16t,,FW1316,,
FW2075,708752032118,Driver and Single Cog,Surly,6519,Single Cogs,,,30.00,30.00,15.00,FW2075,TW,No,EA,0.15,5.25,4.25,0.25,No,Surly Single Cassette Cog 3/32 Splined 17t,,FW1317,,
FW2076,708752032125,Driver and Single Cog,Surly,6519,Single Cogs,,,30.00,30.00,15.00,FW2076,TW,No,EA,0.15,5.50,4.25,0.25,No,Surly Single Cassette Cog 3/32 Splined 18t,,FW1318,,
FW2077,708752032132,Driver and Single Cog,Surly,6519,Single Cogs,,,30.00,30.00,15.00,FW2077,TW,No,EA,0.18,5.50,4.50,0.25,No,Surly Single Cassette Cog 3/32 Splined 19t,,,,
FW2078,708752032149,Driver and Single Cog,Surly,6519,Single Cogs,,,30.00,30.00,15.00,FW2078,TW,No,EA,0.20,5.50,4.25,0.25,No,Surly Single Cassette Cog 3/32 Splined 20t,,FW1320,,
FW2079,708752032156,Driver and Single Cog,Surly,6519,Single Cogs,,,30.00,30.00,15.00,FW2079,TW,No,EA,0.25,5.25,4.25,0.25,No,Surly Single Cassette Cog 3/32 Splined 21t,,,,
FW2080,708752032163,Driver and Single Cog,Surly,6519,Single Cogs,,,30.00,30.00,15.00,FW2080,TW,No,EA,0.25,5.25,4.25,0.25,No,Surly Single Cassette Cog 3/32 Splined 22t,,,,
FW2082,708752032187,Track Cog,Surly,3844,Surly Track Cogs,,,30.00,30.00,15.00,FW2082,TW,No,EA,0.10,5.25,4.25,0.50,No,Surly Track Cog  3/32'' X 14t Silver,,FW6881,2018-05-01,
FW2083,708752032194,Track Cog,Surly,3844,Surly Track Cogs,,,30.00,30.00,15.00,FW2083,TW,No,EA,0.15,5.50,4.25,0.50,No,Surly Track Cog  3/32'' X 15t Silver,,FW6882,,
FW2084,708752032200,Track Cog,Surly,3844,Surly Track Cogs,,,30.00,30.00,15.00,FW2084,TW,No,EA,0.15,5.25,4.25,0.50,No,Surly Track Cog  3/32'' X 16t Silver,,FW6888,,
FW2085,708752032217,Track Cog,Surly,3844,Surly Track Cogs,,,30.00,30.00,15.00,FW2085,TW,No,EA,0.15,5.50,4.25,0.25,No,Surly Track Cog  3/32'' X 17t Silver,,,,
FW2086,708752032224,Track Cog,Surly,3844,Surly Track Cogs,,,30.00,30.00,15.00,FW2086,TW,No,EA,0.20,5.25,4.25,0.50,No,Surly Track Cog  3/32'' X 18t Silver,,,,
FW2087,708752032231,Track Cog,Surly,3844,Surly Track Cogs,,,30.00,30.00,15.00,FW2087,TW,No,EA,0.20,5.50,4.50,0.50,No,Surly Track Cog  3/32'' X 19t Silver,,,,
FW2088,708752032248,Track Cog,Surly,3844,Surly Track Cogs,,,30.00,30.00,15.00,FW2088,TW,No,EA,0.22,5.25,4.25,0.50,No,Surly Track Cog  3/32'' X 20t Silver,,,,
FW2089,708752032255,Track Cog,Surly,3844,Surly Track Cogs,,,30.00,30.00,15.00,FW2089,TW,No,EA,0.25,5.25,4.00,0.50,No,Surly Track Cog  3/32'' X 21t Silver,,,,
FW2090,708752032262,Track Cog,Surly,3844,Surly Track Cogs,,,30.00,30.00,15.00,FW2090,TW,No,EA,0.27,5.50,4.00,0.50,No,Surly Track Cog  3/32'' X 22t Silver,,,,
FW9010,708752019089,Track Cog Lockring,Surly,6149,Track,,,15.00,15.00,7.50,FW9010,TW,No,EA,0.10,5.50,4.25,0.75,No,Surly Stainless Steel Track Cog Lockring 1.29 x 24 tpi Left-hand Thread,,,,
FW9999,708752036765,Single Speed Spacer Kit,Surly,12262,Spacer Kit,,,40.00,40.00,20.00,FW9999,TW,No,EA,0.16,5.50,4.25,1.50,No,Surly Single-Speed Kit Spacers and Lockring,,,,
HB0100,708752177956,Flat/Riser Handlebar,Surly,K5604,Moloko,,E.D. coated ,95.00,95.00,57.00,BQ6-DIVE735-01,TW,No,EA,1.65,29.25,9.75,2.25,No,Surly Moloko Handlebar 31.8 Black,,,,
HB1112,708752063068,Cruiser/Multi-Position Handlebar,Surly,21319,Open Bar,,,50.00,50.00,30.00,HB1112,TW,No,EA,1.10,26.75,7.25,3.00,No,Surly Open Bar Black 40mm Rise,,,,
HB1114,708752063075,Cruiser/Multi-Position Handlebar,Surly,21319,Open Bar,,,50.00,50.00,30.00,HB1114,TW,No,EA,1.05,27.00,7.50,1.00,No,Surly Open Bar Black No Rise,,,2018-04-27,
HB6300,708752214842,Flat/Riser Handlebar,Surly,K6222,Sunrise,,Black,60.00,60.00,36.00,#BS6-MOTORISER-02,TW,No,EA,1.85,32.50,6.00,3.50,No,Surly Sunrise Handlebar,,,,
HB9988,708752087101,Flat/Riser Handlebar,Surly,29241,Cheater,,Silver,80.00,80.00,48.00,HB9988,TW,No,EA,0.90,32.00,1.00,1.00,No,Surly Cheater Bar Silver,,,,
HB9989,708752087118,Flat/Riser Handlebar,Surly,29241,Cheater,,Black,80.00,80.00,48.00,HB9989,TW,No,EA,1.00,31.00,5.00,1.75,No,Surly Cheater Bar Black,,,,
HU0000,708752163126,Other Hub Part,Surly,25004,Surly Hub Parts,,,15.00,15.00,7.50,04-000643-1,TW,No,PAA,0.05,4.50,4.00,0.25,No,Surly 10/12 Adaptor Washer 6mm for QR,,,,
HU0001,708752163133,Other Hub Part,Surly,25004,Surly Hub Parts,,,15.00,15.00,7.50,04-000643-2,TW,No,PAA,0.05,4.00,4.00,0.50,No,Surly 10/12 Adaptor Washer 10mm for Solid Axle,,,,
HU0133,708752211827,Thru Axle,Surly,K2613,Thru Axles,,Black,33.00,33.00,19.00,ROD-216/04-000650-02 ,TW,No,EA,0.20,7.25,4.25,0.75,No,Surly 12x142 Rear Thru Axle,,,,
HU0134,708752211841,Thru Axle,Surly,K2613,Thru Axles,,Black,33.00,33.00,19.00,ROD-216C,TW,No,EA,0.20,7.00,3.75,0.75,No,Surly 12x142/148 Rear Thru Axle,,,,
HU0135,708752211865,Thru Axle,Surly,K2613,Thru Axles,,Black,33.00,33.00,19.00,ROD-216A,TW,No,EA,0.20,7.00,3.75,0.75,No,Surly 12x177 Rear Thru Axle,,,,
HU0136,708752211889,Thru Axle,Surly,K2613,Thru Axles,,Black,33.00,33.00,19.00,ROD-216B,TW,No,EA,0.20,8.50,4.25,1.00,No,Surly 12x197 Rear Thru Axle,,,2018-05-02,
HU0137,708752211902,Thru Axle,Surly,K2613,Thru Axles,,Black,33.00,33.00,19.00,ROD-216D/04-000650-01 ,TW,No,EA,0.20,5.75,4.00,0.75,No,Surly 12x100 Front Thru Axle,,,,
HU0138,708752211926,Thru Axle,Surly,K2613,Thru Axles,,Black,30.00,30.00,18.00,ROD-231A,TW,No,EA,0.20,6.00,3.75,0.75,No,Surly 15x110 Front Thru Axle,,,,
HU0139,708752211940,Thru Axle,Surly,K2613,Thru Axles,,Black,30.00,30.00,18.00,ROD-231B,TW,No,EA,0.25,12.50,4.00,0.75,No,Surly 15x150 Front Thru Axle,,,,
HU0810,708752074972,Front Hub,Surly,28433,Ultra New Non-Disc,,Silver,60.00,60.00,35.00,HU0810,TW,No,EA,0.38,7.50,4.50,2.50,No,Surly Ultra New Hub Front 32h Silver,,HU0811,,
HU0811,708752074989,Front Hub,Surly,28433,Ultra New Non-Disc,,Black,60.00,60.00,35.00,HSL12210FF00110802,TW,No,EA,0.57,7.00,5.00,3.50,No,Surly Ultra New Hub Front 32h Black,,HU0596,,
HU0811,708752074989,Front Hub,Surly,28433,Ultra New Non-Disc,,Black,60.00,60.00,35.00,HSL12210FF00110802,TW,No,EA,0.57,7.00,5.00,3.50,No,Surly Ultra New Hub Front 32h Black,,HU0810,,
HU0812,708752074996,Front Hub,Surly,28434,Ultra New Disc,,Silver,85.00,85.00,50.00,HU0812,TW,No,EA,0.70,7.00,5.00,4.00,No,Surly Ultra New Disc Hub Front 32h Silver,,HU0813,,
HU0813,708752075009,Front Hub,Surly,28434,Ultra New Disc,,Black,85.00,85.00,50.00,HSL12310DF00110802,TW,No,EA,0.70,7.50,5.25,4.50,No,Surly Ultra New Disc Hub Front 32h Black,,HU0812,,
HU0820,708752075030,Front Hub,Surly,28433,Ultra New Non-Disc,,Silver,60.00,60.00,35.00,HU0820,TW,No,EA,0.57,7.25,5.00,4.00,No,Surly Ultra New Hub Front 36h Silver,,HU0821,,
HU0821,708752075047,Front Hub,Surly,28433,Ultra New Non-Disc,,Black,60.00,60.00,35.00,HU0821,TW,No,EA,0.57,7.50,4.00,4.00,No,Surly Ultra New Hub Front 36h Black,,HU0820,,
HU0822,708752075054,Front Hub,Surly,28434,Ultra New Disc,,Silver,85.00,85.00,50.00,HSL12310DG00610802,TW,No,EA,0.69,7.00,4.25,4.00,No,Surly Ultra New Disc Hub Front 36h Silver,,HU0823,,
HU0822,708752075054,Front Hub,Surly,28434,Ultra New Disc,,Silver,85.00,85.00,50.00,HSL12310DG00610802,TW,No,EA,0.69,7.00,4.25,4.00,No,Surly Ultra New Disc Hub Front 36h Silver,,HU1722,,
HU0823,708752075061,Front Hub,Surly,28434,Ultra New Disc,,Black,85.00,85.00,50.00,HSL12310DG00110802,TW,No,EA,0.69,7.00,4.25,4.00,No,Surly Ultra New Disc Hub Front 36h Black,,HU0822,,
HU0823,708752075061,Front Hub,Surly,28434,Ultra New Disc,,Black,85.00,85.00,50.00,HSL12310DG00110802,TW,No,EA,0.69,7.00,4.25,4.00,No,Surly Ultra New Disc Hub Front 36h Black,,HU1722,,
HU0830,708752075078,Rear Hub,Surly,28436,Ultra New Non-Disc,,Silver,70.00,70.00,40.00,HU0830,TW,No,EA,0.69,7.00,4.00,4.00,No,Surly Ultra New Fix/Fix Track Hub Rear 32h 120mm Silver,,HU0831,,
HU0831,708752075085,Rear Hub,Surly,28436,Ultra New Non-Disc,,Black,70.00,70.00,40.00,HSL12250RF00110802,TW,No,EA,0.69,7.50,5.00,4.00,No,Surly Ultra New Fix/Fix Track Hub Rear 32h 120mm Black,,HU0830,,
HU0834,708752075108,Rear Hub,Surly,28436,Ultra New Non-Disc,,Silver,70.00,70.00,40.00,HU0834,TW,No,EA,0.69,7.50,5.00,4.00,No,Surly Ultra New Fix/Free Hub Rear 32h 120mm Silver,,HU0835,,
HU0835,708752075115,Rear Hub,Surly,28436,Ultra New Non-Disc,,Black,70.00,70.00,40.00,HSL12220RF00110802,TW,No,EA,0.70,7.00,3.00,3.00,No,Surly Ultra New Fix/Free Hub Rear 32h 120mm Black,,HU0834,2018-05-01,
HU0836,708752075122,Rear Hub,Surly,28436,Ultra New Non-Disc,,Silver,70.00,70.00,40.00,HSL12270RF00610802,TW,No,EA,0.75,7.50,4.00,3.75,No,Surly Ultra New Fix/Free Hub Rear 32h 130mm Silver,,HU0837,,
HU0837,708752075139,Rear Hub,Surly,28436,Ultra New Non-Disc,,Black,70.00,70.00,40.00,HSL12270RF00110802,TW,No,EA,0.75,7.00,3.00,3.00,No,Surly Ultra New Fix/Free Hub Rear 32h 130mm Black,,HU0836,,
HU0841,708752075153,Rear Hub,Surly,28436,Ultra New Non-Disc,,Black,70.00,70.00,40.00,HSL12260RF00110802,TW,No,EA,0.75,7.00,5.00,4.00,No,Surly Ultra New Free/Free Singlespeed MTB Hub Rear 32h 135mm Black,,,,
HU0843,708752075177,Rear Hub,Surly,28436,Ultra New Non-Disc,,Black,70.00,70.00,40.00,HSL12230RF00110802,TW,No,EA,0.75,7.50,4.00,4.00,No,Surly Ultra New Fix/Free Hub Rear 32h 135mm Black,,,,
HU0844,708752075184,Rear Hub,Surly,28446,Ultra New Disc,,Silver,100.00,100.00,60.00,HU0844,TW,No,EA,0.83,7.50,5.00,2.50,No,Surly Ultra New Singlespeed Disc Hub Rear 32h 135mm Silver,,HU0845,,
HU0845,708752075191,Rear Hub,Surly,28446,Ultra New Disc,,Black,100.00,100.00,60.00,HSL12320CF00110802,TW,No,EA,0.85,7.00,4.25,4.00,No,Surly Ultra New Singlespeed Disc Hub Rear 32h 135mm Black,,HU0844,2018-05-02,
HU0846,708752110748,Rear Hub,Surly,28446,Ultra New Disc,,Silver,100.00,100.00,60.00,HU0846,TW,No,EA,0.83,7.25,5.00,4.00,No,Surly Ultra New Fixed Disc Hub Rear 32h 135mm Silver,,,,
HU0847,708752075207,Rear Hub,Surly,28446,Ultra New Disc,,Black,100.00,100.00,60.00,HSL12350CF00110802,TW,No,EA,0.83,7.25,5.00,4.00,No,Surly Ultra New Fixed Disc Hub Rear 32h 135mm Black,,,,
HU0850,708752075214,Rear Hub,Surly,28436,Ultra New Non-Disc,,Silver,70.00,70.00,40.00,HU0850,TW,No,EA,0.75,7.00,4.25,4.00,No,Surly Ultra New Free/Free Singlespeed MTB Hub Rear 36h 135mm Silver,,HU0851,,
HU0851,708752075221,Rear Hub,Surly,28436,Ultra New Non-Disc,,Black,70.00,70.00,40.00,HSL12260RG00110802,TW,No,EA,0.75,7.50,5.00,4.00,No,Surly Ultra New Free/Free Singlespeed MTB Hub Rear 36h 135mm Black,,HU0850,,
HU0854,708752075238,Rear Hub,Surly,28446,Ultra New Disc,,Silver,100.00,100.00,60.00,HU0854,TW,No,EA,0.83,7.00,4.75,4.00,No,Surly Ultra New Singlespeed Disc Hub Rear 36h 135mm Silver,,HU0855,,
HU0855,708752075245,Rear Hub,Surly,28446,Ultra New Disc,,Black,100.00,100.00,60.00,HSL12320CG00110802,TW,No,EA,0.83,7.00,4.75,4.00,No,Surly Ultra New Singlespeed Disc Hub Rear 36h 135mm Black,,HU0854,,
HU0861,708752075252,Front Hub,Surly,28433,Ultra New Non-Disc,,Black,60.00,60.00,35.00,HU0861,TW,No,EA,0.57,7.50,5.00,3.00,No,Surly Ultra New Hub Front 48h Black,,,,
HU0863,708752075269,Rear Hub,Surly,28436,Ultra New Non-Disc,,Black,70.00,70.00,40.00,HU0863,TW,No,EA,1.10,7.00,5.00,3.00,No,Surly Ultra New Fix/Fix Hub Rear 48h 120mm Black,,,,
HU0865,708752075276,Rear Hub,Surly,28436,Ultra New Non-Disc,,Black,70.00,70.00,40.00,HU0865,TW,No,EA,1.10,7.00,5.00,3.00,No,Surly Ultra New Free/Free Hub Rear 48h 120mm Black,,,,
HU0869,708752075290,Rear Hub,Surly,28436,Ultra New Non-Disc,,Black,70.00,70.00,40.00,HU0869,TW,No,EA,0.75,7.00,4.00,4.00,No,Surly Ultra New Fix/Fix Hub Rear 48h 135mm Black,,,,
HU0870,708752114685,Other Hub Part,Surly,25004,Surly Hub Parts,,,10.00,10.00,5.00,HU0870,TW,No,EA,0.15,2.25,1.00,0.75,No,Surly Ultra New Hub Stainless Knurled Axle End Cap,,,,
HU0871,708752114678,Other Hub Part,Surly,25004,Surly Hub Parts,,,10.00,10.00,5.00,HU0871,TW,No,EA,0.01,0.75,0.75,0.25,No,Surly Ultra New Hub Stainless Knurled Bolt Cap,,,,
HU0875,708752115194,Other Hub Part,Surly,25004,Surly Hub Parts,,,4.00,4.00,2.00,HU0875,TW,No,EA,0.01,2.25,2.25,0.25,No,Surly Ultra New Hub Stainless Bolt,,,,
HU0880,708752077317,Axle Set,Surly,28193,Ultra New,,,28.82,28.82,17.29,3400304660001,TW,No,EA,0.34,5.00,4.50,0.50,No,Surly Ultra New Hub Axle Kit for 100mm Front Silver,,,,
HU0885,708752077324,Axle Set,Surly,28193,Ultra New,,,34.15,34.15,20.49,HU0885,TW,No,EA,0.38,5.50,4.00,1.00,No,Surly Ultra New Hub Axle Kit for 120mm Rear Free/Free Silver,,,,
HU0886,708752077331,Axle Set,Surly,28193,Ultra New,,,34.15,34.15,20.49,HU0886,TW,No,EA,0.37,5.00,4.00,1.00,No,Surly Ultra New Hub Axle Kit for 120mm Rear Fix/Fix Silver,,,,
HU0887,708752077348,Axle Set,Surly,28193,Ultra New,,,34.15,34.15,20.49,HU0887,TW,No,EA,0.37,5.00,4.00,1.00,No,Surly Ultra New Hub Axle Kit for 120mm Rear Fix/Free Silver,,,,
HU0888,708752077355,Axle Set,Surly,28193,Ultra New,,,34.15,34.15,20.49,3400406160001,TW,No,EA,0.38,5.50,4.50,0.50,No,Surly Ultra New Hub Axle Kit for 130mm Rear Silver,,,,
HU0889,708752077362,Axle Set,Surly,28193,Ultra New,,,34.15,34.15,20.49,3400406060001,TW,No,EA,0.38,5.50,4.50,0.50,No,Surly Ultra New Hub Axle Kit for 135mm Rear Silver,,,,
HU0890,708752076877,Axle Set,Surly,28193,Ultra New,,,28.82,28.82,17.29,3400304610001,TW,No,EA,0.34,4.75,4.50,0.50,No,Surly Ultra New Hub Axle Kit for 100mm Front Black,,,,
HU0895,708752076976,Axle Set,Surly,28193,Ultra New,,,34.15,34.15,20.49,HU0895,TW,No,EA,0.37,4.50,4.50,0.50,No,Surly Ultra New Hub Axle Kit for 120mm Rear Free/Free Black,,,,
HU0896,708752076884,Axle Set,Surly,28193,Ultra New,,,34.15,34.15,20.49,HU0896,TW,No,EA,0.37,5.00,4.50,0.50,No,Surly Ultra New Hub Axle Kit for 120mm Rear Fix/Fix Black,,,,
HU0897,708752076891,Axle Set,Surly,28193,Ultra New,,,34.15,34.15,20.49,HU0897,TW,No,EA,0.38,4.75,3.25,1.00,No,Surly Ultra New Hub Axle Kit for 120mm Rear Fix/Free Black,,,,
HU0898,708752076907,Axle Set,Surly,28193,Ultra New,,,34.15,34.15,20.49,HU0898,TW,No,EA,0.38,6.50,4.50,0.50,No,Surly Ultra New Hub Axle Kit for 130mm Front or Rear Black,,,,
HU0899,708752076914,Axle Set,Surly,28193,Ultra New,,,34.15,34.15,20.49,3400406010001,TW,No,EA,0.38,6.00,3.00,1.00,No,Surly Ultra New Hub Axle Kit for 135mm Front or Rear Black,,,,
HU1032,708752037250,Other Hub Part,Surly,25004,Surly Hub Parts,,,4.00,4.00,2.00,HU1032,TW,No,EA,0.01,1.00,1.00,0.25,No,Surly Rear Hub Locknut 10mm x 1,,,,
HU5007,708752121270,Thru Axle,Surly,K2613,Thru Axles,,,45.00,45.00,22.50,HU5007,TW,No,EA,0.20,6.00,3.75,0.75,No,Surly 12x197 Rear Thru Axle,,,,
JK6200,708752133860,Jackets,Surly,MSURLY23,Canvas Jacket,X-Small,Marianas Black,250.00,250.00,125.00,,CN,No,EA,1.56,21.00,13.00,3.00,No,Surly Jacket: Marianas Black XS,,,,
JK6201,708752133853,Jackets,Surly,MSURLY23,Canvas Jacket,Small,Marianas Black,250.00,250.00,125.00,,CN,No,EA,1.56,21.00,13.00,3.00,No,Surly Jacket: Marianas Black SM,,,,
JK6202,708752133846,Jackets,Surly,MSURLY23,Canvas Jacket,Medium,Marianas Black,250.00,250.00,125.00,,CN,No,EA,1.56,21.00,13.00,3.00,No,Surly Jacket: Marianas Black MD,,,,
JK6203,708752133839,Jackets,Surly,MSURLY23,Canvas Jacket,Large,Marianas Black,250.00,250.00,125.00,,CN,No,EA,1.56,21.00,13.00,3.00,No,Surly Jacket: Marianas Black LG,,,2018-04-27,
JK6204,708752133822,Jackets,Surly,MSURLY23,Canvas Jacket,X-Large,Marianas Black,250.00,250.00,125.00,,CN,No,EA,1.56,21.00,13.00,3.00,No,Surly Jacket: Marianas Black XL,,,,
JK6205,708752133815,Jackets,Surly,MSURLY23,Canvas Jacket,2X-Large,Marianas Black,250.00,250.00,125.00,,CN,No,EA,1.56,21.00,13.00,3.00,No,Surly Jacket: Marianas Black 2XL,,,,
JK6206,708752133808,Jackets,Surly,MSURLY23,Canvas Jacket,X-Small,Dirt Brown,250.00,250.00,125.00,,CN,No,EA,1.56,21.00,13.00,3.00,No,Surly Jacket: Dirt Brown XS,,,,
JK6207,708752133792,Jackets,Surly,MSURLY23,Canvas Jacket,Small,Dirt Brown,250.00,250.00,125.00,,CN,No,EA,1.56,21.00,13.00,3.00,No,Surly Jacket: Dirt Brown SM,,,,
JK6211,708752133877,Jackets,Surly,MSURLY23,Canvas Jacket,2X-Large,Dirt Brown,250.00,250.00,125.00,PCC-818,CN,No,EA,1.56,21.00,13.00,3.00,No,Surly Jacket: Dirt Brown 2XL,,,,
JT1630,708752204249,Jersey,Surly,MSURLY154,Merino Long Sleeve Jersey,Small,Green,130.00,130.00,75.00,04-000775,CN,No,EA,1.05,14.25,10.00,0.75,No,Surly Merino Men's Long Sleeve Jersey: Green SM,,,,
JT1631,708752204263,Jersey,Surly,MSURLY154,Merino Long Sleeve Jersey,Medium,Green,130.00,130.00,75.00,04-000775,CN,No,EA,1.08,13.75,10.75,1.75,No,Surly Merino Men's Long Sleeve Jersey: Green MD,,,,
JT1632,708752204287,Jersey,Surly,MSURLY154,Merino Long Sleeve Jersey,Large,Green,130.00,130.00,75.00,04-000775,CN,No,EA,1.20,14.25,10.00,0.75,No,Surly Merino Men's Long Sleeve Jersey: Green LG,,,,
JT1633,708752204300,Jersey,Surly,MSURLY154,Merino Long Sleeve Jersey,X-Large,Green,130.00,130.00,75.00,04-000775,CN,No,EA,1.25,14.25,10.00,0.75,No,Surly Merino Men's Long Sleeve Jersey: Green XL,,,,
JT1634,708752204324,Jersey,Surly,MSURLY154,Merino Long Sleeve Jersey,2X-Large,Green,130.00,130.00,75.00,04-000775,CN,No,EA,1.40,14.25,10.00,0.75,No,Surly Merino Men's Long Sleeve Jersey: Green 2XL,,,,
JT6850,708752149021,Jersey,Surly,MSURLY154,Merino Long Sleeve Jersey,Small,Mustard Yellow,130.00,130.00,75.00,04-000775,CN,No,EA,1.05,14.25,11.25,1.25,No,Surly Merino Wool Men's Long Sleeve Jersey: Dried Mustard Yellow SM,,,,
JT6851,708752149014,Jersey,Surly,MSURLY154,Merino Long Sleeve Jersey,Medium,Mustard Yellow,130.00,130.00,75.00,04-000775,CN,No,EA,1.10,15.25,10.25,1.50,No,Surly Merino Wool Men's Long Sleeve Jersey: Dried Mustard Yellow MD,,,,
JT6855,708752148970,Jersey,Surly,MSURLY154,Merino Long Sleeve Jersey,X-Small,Mustard Yellow,130.00,130.00,75.00,04-000776,CN,No,EA,0.80,13.00,9.75,0.50,No,Surly Merino Wool Women's Long Sleeve Jersey: Dried Mustard Yellow XS,,,,
JT6856,708752148963,Jersey,Surly,MSURLY154,Merino Long Sleeve Jersey,Small,Mustard Yellow,130.00,130.00,75.00,04-000776,CN,No,EA,0.85,10.00,6.50,1.75,No,Surly Merino Wool Women's Long Sleeve Jersey: Dried Mustard Yellow SM,,,,
JT6857,708752148956,Jersey,Surly,MSURLY154,Merino Long Sleeve Jersey,Medium,Mustard Yellow,130.00,130.00,75.00,04-000776,CN,No,EA,0.95,10.00,6.50,1.75,No,Surly Merino Wool Women's Long Sleeve Jersey: Dried Mustard Yellow MD,,,,
JT6858,708752148949,Jersey,Surly,MSURLY154,Merino Long Sleeve Jersey,Large,Mustard Yellow,130.00,130.00,75.00,04-000776,CN,No,EA,1.00,14.00,10.75,0.75,No,Surly Merino Wool Women's Long Sleeve Jersey: Dried Mustard Yellow LG,,,,
JT6860,708752148925,Jersey,Surly,MSURLY40,Merino Short Sleeve Jersey,Small,Tile Blue,105.00,105.00,60.00,04-000780,CN,No,EA,0.45,10.75,7.25,1.00,No,Surly Merino Wool Lite Men's Short Sleeve Jersey: Tile Blue SM,,,,
JT6861,708752148918,Jersey,Surly,MSURLY40,Merino Short Sleeve Jersey,Medium,Tile Blue,105.00,105.00,60.00,04-000780,CN,No,EA,0.50,11.00,7.00,1.00,No,Surly Merino Wool Lite Men's Short Sleeve Jersey: Tile Blue MD,,,,
JT6862,708752148901,Jersey,Surly,MSURLY40,Merino Short Sleeve Jersey,Large,Tile Blue,105.00,105.00,60.00,04-000780,CN,No,EA,0.55,10.75,7.50,1.00,No,Surly Merino Wool Lite Men's Short Sleeve Jersey: Tile Blue LG,,,,
JT6863,708752148895,Jersey,Surly,MSURLY40,Merino Short Sleeve Jersey,X-Large,Tile Blue,105.00,105.00,60.00,04-000780,CN,No,EA,0.60,11.25,7.25,1.00,No,Surly Merino Wool Lite Men's Short Sleeve Jersey: Tile Blue XL,,,,
JT6864,708752148888,Jersey,Surly,MSURLY40,Merino Short Sleeve Jersey,2X-Large,Tile Blue,105.00,105.00,60.00,04-000780,CN,No,EA,0.65,10.75,7.00,1.00,No,Surly Merino Wool Lite Men Short Sleeve Jersey: Tile Blue 2XL,,,,
JT6866,708752148864,Jersey,Surly,MSURLY40,Merino Short Sleeve Jersey,Small,Tile Blue,105.00,105.00,60.00,04-000781,CN,No,EA,0.40,13.00,9.75,0.50,No,Surly Merino Wool Lite Women's Short Sleeve Jersey: Tile Blue SM,,,,
JT6867,708752148857,Jersey,Surly,MSURLY40,Merino Short Sleeve Jersey,Medium,Tile Blue,105.00,105.00,60.00,04-000781,CN,No,EA,0.45,13.25,9.75,0.50,No,Surly Merino Wool Lite Women's Short Sleeve Jersey: Tile Blue MD,,,,
JT6868,708752148840,Jersey,Surly,MSURLY40,Merino Short Sleeve Jersey,Large,Tile Blue,105.00,105.00,60.00,04-000781,CN,No,EA,0.50,14.00,10.50,0.50,No,Surly Merino Wool Lite Women's Short Sleeve Jersey: Tile Blue LG,,,,
JT6869,708752148833,Jersey,Surly,MSURLY40,Merino Short Sleeve Jersey,X-Large,Tile Blue,105.00,105.00,60.00,04-000781,CN,No,EA,0.50,14.50,10.00,0.50,No,Surly Merino Wool Lite Women's Short Sleeve Jersey: Tile Blue XL,,,,
JT6870,708752160644,Jersey,Surly,MSURLY40,Merino Short Sleeve Jersey,Small,Black,105.00,105.00,60.00,04-000780,CN,No,EA,0.45,14.50,11.00,0.50,No,Surly Merino Wool Lite Men's Short Sleeve Jersey: Black SM,,,,
JT6871,708752160637,Jersey,Surly,MSURLY40,Merino Short Sleeve Jersey,Medium,Black,105.00,105.00,60.00,04-000780,CN,No,EA,0.50,14.50,11.00,0.50,No,Surly Merino Wool Lite Men's Short Sleeve Jersey: Black MD,,,,
JT6872,708752160620,Jersey,Surly,MSURLY40,Merino Short Sleeve Jersey,Large,Black,105.00,105.00,60.00,04-000780,CN,No,EA,0.52,15.50,11.00,0.50,No,Surly Merino Wool Lite Men's Short Sleeve Jersey: Black LG,,,,
JT6873,708752160613,Jersey,Surly,MSURLY40,Merino Short Sleeve Jersey,X-Large,Black,105.00,105.00,60.00,04-000780,CN,No,EA,0.60,14.50,11.00,0.50,No,Surly Merino Wool Lite Men's Short Sleeve Jersey: Black XL,,,,
JT6875,708752160590,Jersey,Surly,MSURLY40,Merino Short Sleeve Jersey,X-Small,Black,105.00,105.00,60.00,04-000781,CN,No,EA,0.40,10.50,6.25,1.25,No,Surly Merino Wool Lite Women's Short Sleeve Jersey: Black XS,,,,
JT6876,708752160583,Jersey,Surly,MSURLY40,Merino Short Sleeve Jersey,Small,Black,105.00,105.00,60.00,04-000781,CN,No,EA,0.40,10.75,6.75,1.00,No,Surly Merino Wool Lite Women's Short Sleeve Jersey: Black SM,,,,
JT6877,708752160576,Jersey,Surly,MSURLY40,Merino Short Sleeve Jersey,Medium,Black,105.00,105.00,60.00,04-000781,CN,No,EA,0.45,10.25,7.25,1.00,No,Surly Merino Wool Lite Women's Short Sleeve Jersey: Black MD,,,,
JT6878,708752160569,Jersey,Surly,MSURLY40,Merino Short Sleeve Jersey,Large,Black,105.00,105.00,60.00,04-000781,CN,No,EA,0.45,10.50,7.25,1.00,No,Surly Merino Wool Lite Women's Short Sleeve Jersey: Black LG,,,,
JT6879,708752160552,Jersey,Surly,MSURLY40,Merino Short Sleeve Jersey,X-Large,Black,105.00,105.00,60.00,04-000781,CN,No,EA,0.50,11.25,7.00,0.75,No,Surly Merino Wool Lite Women's Short Sleeve Jersey: Black XL,,,,
JT6880,708752160880,Jersey,Surly,MSURLY154,Merino Long Sleeve Jersey,Small,Black,130.00,130.00,75.00,04-000775,CN,No,EA,1.05,14.50,10.50,0.75,No,Surly Merino Wool Men's Long Sleeve Jersey: Black SM,,,,
JT6881,708752160873,Jersey,Surly,MSURLY154,Merino Long Sleeve Jersey,Medium,Black,130.00,130.00,75.00,04-000775,CN,No,EA,1.10,14.00,10.75,1.00,No,Surly Merino Wool Men's Long Sleeve Jersey: Black MD,,,,
JT6883,708752160859,Jersey,Surly,MSURLY154,Merino Long Sleeve Jersey,X-Large,Black,130.00,130.00,75.00,04-000775,CN,No,EA,1.25,10.75,7.25,2.50,No,Surly Merino Wool Men's Long Sleeve Jersey: Black XL,,,,
JT6884,708752160842,Jersey,Surly,MSURLY154,Merino Long Sleeve Jersey,2X-Large,Black,130.00,130.00,75.00,04-000775,CN,No,EA,1.00,15.00,12.00,2.50,No,Surly Merino Wool Men's Long Sleeve Jersey: Black 2XL,,,,
JT6885,708752160835,Jersey,Surly,MSURLY154,Merino Long Sleeve Jersey,X-Small,Black,130.00,130.00,75.00,04-000776,CN,No,EA,0.85,15.25,10.50,1.50,No,Surly Merino Wool Women's Long Sleeve Jersey: Black XS,,,,
JT6886,708752160828,Jersey,Surly,MSURLY154,Merino Long Sleeve Jersey,Small,Black,130.00,130.00,75.00,04-000776,CN,No,EA,0.90,14.25,10.50,1.50,No,Surly Merino Wool Women's Long Sleeve Jersey: Black SM,,,,
JT6887,708752160811,Jersey,Surly,MSURLY154,Merino Long Sleeve Jersey,Medium,Black,130.00,130.00,75.00,04-000776,CN,No,EA,0.95,13.75,10.00,1.00,No,Surly Merino Wool Women's Long Sleeve Jersey: Black MD,,,,
JT6888,708752160804,Jersey,Surly,MSURLY154,Merino Long Sleeve Jersey,Large,Black,130.00,130.00,75.00,04-000776,CN,No,EA,1.05,14.00,10.00,1.00,No,Surly Merino Wool Women's Long Sleeve Jersey: Black LG,,,,
JT6889,708752160798,Jersey,Surly,MSURLY154,Merino Long Sleeve Jersey,X-Large,Black,130.00,130.00,75.00,04-000776,CN,No,EA,1.10,14.00,10.00,1.00,No,Surly Merino Wool Women's Long Sleeve Jersey: Black XL,,,,
KI0010,708752159884,Kickstand Part,Surly,MSURLY7979,Kickstand Plate,,,15.00,15.00,7.50,04-000586,TW,No,PAA,0.10,4.00,3.25,0.75,No,Surly Trucker Kickstand Plate,,,,
MA1001,708752034884,Sticker/Decal,Surly,23717,Logo Sticker/Decal,,,2.00,2.00,1.00,,US,No,EA,0.01,6.50,2.00,0.13,No,Surly Logo Sticker 6.4 x 1.75,,,,
MA1003,708752034891,Sticker/Decal,Surly,23717,Logo Sticker/Decal,,,4.00,4.00,2.00,,US,No,EA,0.01,13.00,3.25,0.13,No,Surly Logo Sticker 12 x 2.73,,,,
MA1004,708752034907,Sticker/Decal,Surly,23717,Logo Sticker/Decal,,,7.00,7.00,3.50,,US,No,EA,0.06,24.75,6.00,0.13,No,Surly Logo Sticker 24 x 5.46,,,,
MA1006,708752053175,Branded Sign/Banner,Surly,22645,Banner,,,32.00,32.00,16.00,,US,No,EA,0.20,18.00,3.00,0.50,No,Surly Banner: Black 18 x 36,,,,
MA1017,708752053182,Branded Sign/Banner,Surly,22645,Banner,,,96.00,96.00,48.00,,US,No,EA,0.54,9.50,9.50,1.00,No,Surly Banner: Black 36 x 72,,,,
MA1400,708752178144,Coffee&#44; Tea&#44; Alcohol,Surly,MSURLY16,Silipint,,,12.00,12.00,8.50,04-000876_REVA,US,No,EA,0.45,5.75,3.75,3.75,No,Surly Silicone Pint Glass,,,,
MA1700,708752196674,Coffee&#44; Tea&#44; Alcohol,Surly,MSURLY98,Hip Flask,,,25.00,25.00,13.00,MG690 6OZ STAINLESS ,CN,No,EA,0.20,4.50,3.75,1.00,No,Surly Hip Flask 6oz Stainless,,,,
MA1990,708752120327,Sticker/Decal,Surly,MSURLY01,Logo Headbadge,,,10.00,10.00,5.00,,TW,No,EA,0.05,2.75,4.00,0.75,No,Surly Headbadge White,,,,
MA1994,708752046771,Sticker/Decal,Surly,23717,Logo Sticker/Decal,,,2.00,2.00,1.00,,TW,No,EA,0.02,8.00,3.00,0.13,No,Surly Seat Stay Decal Set: Black (Non Standard),,,,
MA1995,708752047525,Sticker/Decal,Surly,23717,Logo Sticker/Decal,,,4.00,4.00,2.00,,TW,No,SET,0.01,5.00,2.75,0.13,No,Surly Fork Decal Set: Black (Non Standard),,,,
MA1996,708752029217,Sticker/Decal,Surly,23717,Logo Sticker/Decal,,,4.00,4.00,2.00,FORK DECAL SET-WHITE,TW,No,SET,0.01,5.50,4.75,0.13,No,Surly Fork and Conundrum Decal Set: White,,,,
MA1997,708752028883,Sticker/Decal,Surly,23708,Cross Check,,,14.00,14.00,7.00,CROSSCHK STICKER SET,TW,No,SET,0.05,7.00,4.00,1.00,No,Surly Cross Check Frame Decal Set with Headbadge: White/Black,,,,
MA1998,708752028890,Sticker/Decal,Surly,23714,1x1,,,14.00,14.00,7.00,1X1 STICKER SET&#44;BADGE,TW,No,SET,0.05,8.00,2.00,0.50,No,Surly 1x1 Frame Decal Set with Headbadge: White,,,,
MA2001,708752028913,Sticker/Decal,Surly,23707,Steamroller,,,14.00,14.00,7.00,STEAMROLLER STICKER SE,TW,No,SET,0.05,7.75,2.75,0.25,No,Surly Steamroller Frame Decal Set with Headbadge: White,,,,
MA2005,708752028937,Sticker/Decal,Surly,23713,Karate Monkey,,,14.00,14.00,7.00,,TW,No,SET,0.01,8.00,1.00,0.01,No,Surly Karate Monkey Frame Decal Set with Headbadge: White,,,,
MA2006,708752031890,Sticker/Decal,Surly,23712,Long Haul Trucker,,,14.00,14.00,7.00,LHT DECAL/BADGE,TW,No,EA,0.05,3.25,0.50,7.00,No,Surly Long Haul Trucker Decal Set with Headbadge White,,,,
MA2007,708752034402,Sticker/Decal,Surly,23710,Pugsley,,,14.00,14.00,7.00,,TW,No,SET,0.05,6.75,2.50,0.50,No,Surly Pugsley Decal Set with Headbadge White,,,,
MA2009,708752043534,Sticker/Decal,Surly,23709,Big Dummy,,,14.00,14.00,7.00,,TW,No,EA,0.05,7.50,2.50,0.50,No,Surly Big Dummy Frame Decal Set with Headbadge: White,,,,
MA2011,708752043589,Sticker/Decal,Surly,23716,Travelers Check,,,14.00,14.00,7.00,,TW,No,EA,0.05,8.50,3.00,0.13,No,Surly Travelers Check Frame Decal Set with Headbadge: White,,,,
MA2012,708752068353,Sticker/Decal,Surly,26303,Troll,,,14.00,14.00,7.00,,TW,No,EA,0.05,7.00,2.25,0.13,No,Surly Troll Decal Set with Headbadge,,,,
MA2013,708752068360,Sticker/Decal,Surly,27230,Ogre,,,14.00,14.00,7.00,,TW,No,EA,0.25,7.00,4.00,0.25,No,Surly Ogre Decal Set with Headbadge White,,,,
MA2015,708752068384,Sticker/Decal,Surly,MSURLY90,Trucker Deluxe,,,14.00,14.00,7.00,,TW,No,EA,0.05,7.50,2.50,0.50,No,Surly Trucker Deluxe Decal Set with Headbadge White,,,,
MA2017,708752075498,Sticker/Decal,Surly,23712,Long Haul Trucker,,,14.00,14.00,7.00,,TW,No,EA,0.05,3.25,0.50,7.00,No,Surly Long Haul Disc Trucker Decal Set with Headbadge: White,,,,
MA2018,708752085992,Sticker/Decal,Surly,29239,Krampus,,,14.00,14.00,7.00,,TW,No,EA,0.05,7.25,2.25,0.75,No,Surly Krampus Frame Decal Set with Headbadge Black,,,,
MA2019,708752103382,Sticker/Decal,Surly,23715,Instigator,,,14.00,14.00,7.00,,TW,No,EA,0.01,8.00,1.00,0.01,No,Surly Instigator 2.0 Frame Decal Set: White,,,,
MA2020,708752103399,Sticker/Decal,Surly,32934,Straggler,,,14.00,14.00,7.00,,TW,No,EA,0.05,7.00,2.25,0.13,No,Surly Straggler Frame Decal Set: White,,,,
MA2021,708752103405,Sticker/Decal,Surly,32933,ECR,,,14.00,14.00,7.00,,TW,No,EA,0.03,8.50,4.00,0.25,No,Surly ECR Frame Decal Set: White,,,,
MA2022,708752113619,Sticker/Decal,Surly,MSURLY86,Ice Cream Truck,,,14.00,14.00,7.00,,TW,No,EA,0.05,7.00,3.25,0.50,No,Surly Ice Cream Truck Frame Decal Set White,,,,
MA2023,708752117396,Sticker/Decal,Surly,26303,Troll,,,14.00,14.00,7.00,,TW,No,EA,0.05,8.75,2.25,0.50,No,Surly World Troller Frame Decal Set with Headbadge White,,,,
MA2024,708752150164,Sticker/Decal,Surly,MSURLY556,Wednesday Wednesday Decal Set,,,14.00,14.00,7.00,0,TW,No,EA,0.05,7.00,1.75,0.50,No,Surly Wednesday Decal Set White,,,,
MA2038,708752150157,Sticker/Decal,Surly,K7148,Midnight Special Decal Set,,,14.00,14.00,7.00,0,TW,No,EA,0.03,8.50,4.00,0.25,No,Surly Midnight Special Decal Set White,,,,
MA2039,708752150140,Sticker/Decal,Surly,K7149,Pack Rat Decal Set,,,14.00,14.00,7.00,0,TW,No,EA,0.03,8.50,4.00,0.25,No,Surly Pack Rat Decal Set White,,,,
MA2601,708752050426,Sticker/Decal,Surly,23709,Big Dummy,,,14.00,14.00,7.00,,TW,No,EA,0.05,7.25,2.00,0.50,No,Surly Big Dummy Frame Decal Set with Headbadge: Black,,,,
MA2602,708752050433,Sticker/Decal,Surly,23710,Pugsley,,,14.00,14.00,7.00,,TW,No,EA,0.05,7.50,2.50,0.50,No,Surly Pugsley Decal Set with Headbadge Black,,,,
MA2603,708752050440,Sticker/Decal,Surly,23712,Long Haul Trucker,,,14.00,14.00,7.00,,TW,No,EA,0.05,3.25,0.50,7.00,No,Surly Long Haul Trucker Decal Set with Headbadge Black,,,,
MA2604,708752050457,Sticker/Decal,Surly,23713,Karate Monkey,,,14.00,14.00,7.00,,TW,No,EA,0.05,10.50,4.25,0.25,No,Surly Karate Monkey Frame Decal Set with Headbadge: Black,,,,
MA2606,708752050471,Sticker/Decal,Surly,23708,Cross Check,,,14.00,14.00,7.00,,TW,No,EA,0.05,8.25,3.50,0.25,No,Surly Cross Check Frame Decal Set with Headbadge: Black,,,,
MA2607,708752050488,Sticker/Decal,Surly,23707,Steamroller,,,14.00,14.00,7.00,,TW,No,EA,0.05,7.50,4.25,0.50,No,Surly Steamroller Frame Decal Set with Headbadge: Black,,,,
MA2612,708752068391,Sticker/Decal,Surly,26303,Troll,,,14.00,14.00,7.00,,TW,No,EA,0.10,3.50,3.00,0.25,No,Surly Troll Decal Set with Headbadge: Black,,,,
MA2613,708752068407,Sticker/Decal,Surly,27230,Ogre,,,14.00,14.00,7.00,,TW,No,EA,0.05,7.00,4.25,0.25,No,Surly Ogre Decal Set with Headbadge Black,,,,
MA2615,708752068421,Sticker/Decal,Surly,MSURLY90,Trucker Deluxe,,,14.00,14.00,7.00,,TW,No,EA,0.10,8.00,4.00,0.10,No,Surly Trucker Deluxe Decal Set with Headbadge Black,,,,
MA2617,708752075504,Sticker/Decal,Surly,23712,Long Haul Trucker,,,14.00,14.00,7.00,,TW,No,EA,0.05,6.50,2.00,0.25,No,Surly Long Haul Disc Trucker Decal Set with Headbadge: Black,,,,
MA2618,708752085985,Sticker/Decal,Surly,29239,Krampus,,,14.00,14.00,7.00,,TW,No,EA,0.05,7.25,2.25,0.75,No,Surly Krampus Frame Decal Set with Headbadge: Black with White Fill,,,,
MA2619,708752103412,Sticker/Decal,Surly,23715,Instigator,,,14.00,14.00,7.00,,TW,No,EA,0.01,8.00,1.00,0.01,No,Surly Instigator 2.0 Frame Decal Set: Black,,,,
MA2620,708752103429,Sticker/Decal,Surly,32934,Straggler,,,14.00,14.00,7.00,,TW,No,EA,0.05,6.75,5.75,0.75,No,Surly Straggler Frame Decal Set: Black,,,,
MA2621,708752103436,Sticker/Decal,Surly,32933,ECR,,,14.00,14.00,7.00,,TW,No,EA,0.05,8.50,3.00,0.13,No,Surly ECR Frame Decal Set: Black,,,,
MA2622,708752113602,Sticker/Decal,Surly,MSURLY86,Ice Cream Truck,,,14.00,14.00,7.00,,TW,No,EA,0.05,3.25,0.50,7.00,No,Surly Ice Cream Truck Frame Decal Set Black,,,,
MA2623,708752117389,Sticker/Decal,Surly,26303,Troll,,,14.00,14.00,7.00,,TW,No,EA,0.04,8.00,3.00,0.25,No,Surly World Troller Frame Decal Set with Headbadge Black,,,,
MA2624,708752150133,Sticker/Decal,Surly,MSURLY556,Wednesday Wednesday Decal Set,,,14.00,14.00,7.00,0,TW,No,EA,0.05,6.75,2.25,0.50,No,Surly Wednesday Decal Set Black,,,,
MA2627,708752110731,Sticker/Decal,Surly,23708,Cross Check,,,14.00,14.00,7.00,,TW,No,EA,0.05,7.00,4.50,0.25,No,Surly Cross Check Frame Decal Set with Headbadge: Black/MilkFat,,,,
MA2634,708752103450,Sticker/Decal,Surly,23710,Pugsley,,,15.00,15.00,8.00,,TW,No,EA,0.03,8.50,4.00,0.25,No,Surly Pugsley Frame Decal Set: Canvas Green,,,,
MA2635,708752120303,Sticker/Decal,Surly,MSURLY86,Ice Cream Truck,,,4.00,4.00,2.00,,TW,No,EA,0.04,8.50,4.00,0.25,No,Surly Ice Cream Truck Model Only Decal Set Yellow,,,,
MA2636,708752120297,Sticker/Decal,Surly,MSURLY86,Ice Cream Truck,,,4.00,4.00,2.00,,TW,No,EA,0.04,8.50,4.00,0.25,No,Surly Ice Cream Truck Model Only Decal Set Silver and Black,,,,
MA2638,708752150126,Sticker/Decal,Surly,K7148,Midnight Special Decal Set,,,14.00,14.00,7.00,0,TW,No,EA,0.03,8.50,4.00,0.25,No,Surly Midnight Special Decal Set Black,,,,
MA2639,708752150119,Sticker/Decal,Surly,K7149,Pack Rat Decal Set,,,14.00,14.00,7.00,0,TW,No,EA,0.03,8.50,4.00,0.25,No,Surly Pack Rat  Decal Set Black,,,,
MA2641,708752087170,Sticker/Decal,Surly,27231,Moonlander,,,15.00,15.00,8.00,,TW,No,EA,0.03,8.00,4.00,0.25,No,Surly Moonlander Frame Decal Set with Headbadge: Silver,,,,
MA2801,708752120273,Sticker/Decal,Surly,23709,Big Dummy,,,15.00,15.00,8.00,,TW,No,EA,0.04,8.50,4.00,0.25,No,Surly Big Dummy Decal Set with Headbadge Transparent,,,,
MA2812,708752120198,Sticker/Decal,Surly,26303,Troll,,,15.00,15.00,8.00,,TW,No,EA,0.04,8.50,4.00,0.25,No,Surly Troll Decal Set with Headbadge Transparent,,,,
MA2813,708752120181,Sticker/Decal,Surly,27230,Ogre,,,15.00,15.00,8.00,,TW,No,EA,0.04,8.50,4.00,0.25,No,Surly Ogre Decal Set with Headbadge Transparent,,,,
MA2814,708752120174,Sticker/Decal,Surly,27231,Moonlander,,,15.00,15.00,8.00,,TW,No,EA,0.04,8.50,4.00,0.25,No,Surly Moonlander Decal Set with Headbadge Transparent,,,,
MA2819,708752120150,Sticker/Decal,Surly,23715,Instigator,,,15.00,15.00,8.00,,TW,No,EA,0.01,8.00,1.00,0.01,No,Surly Instigator 2.0 Decal Set with Headbadge Transparent,,,,
MA2820,708752120143,Sticker/Decal,Surly,32934,Straggler,,,15.00,15.00,8.00,,TW,No,EA,0.04,8.50,4.00,0.25,No,Surly Straggler Decal Set with Headbadge Transparent,,,,
MA2821,708752120136,Sticker/Decal,Surly,32933,ECR,,,15.00,15.00,8.00,,TW,No,EA,0.04,8.50,4.00,0.25,No,Surly ECR Decal Set with Headbadge Transparent,,,,
MA2822,708752120129,Sticker/Decal,Surly,MSURLY86,Ice Cream Truck,,,15.00,15.00,8.00,,TW,No,EA,0.04,8.50,4.00,0.25,No,Surly Ice Cream Truck Decal Set with Headbadge Transparent,,,,
MA4136,708752207578,Catalog,Surly,MSURLY39,Intelligencer,,,0.00,0.00,0.00,SURLY INTELLIGENCER V5,US,No,EA,0.18,8.00,5.00,0.20,No,Surly Intelligencer Volume 6,,,,
MA6801,708752167872,Bike Repair/Maintenance Guide,Surly,MSURLY68,Field Notebook,,,5.00,5.00,2.50,,US,No,EA,0.10,4.75,3.50,0.25,No,Surly Field Notebook,,,,
RK0102,708752033979,Rear Mount Rack,Surly,6142,Rear Rack,,Black,140.00,140.00,80.00,RU-310 04-,TW,No,EA,2.63,16.00,12.50,7.00,No,Surly 26-29 CroMoly Rear Rack: Black,,RK0103,,
RK0103,708752033986,Rear Mount Rack,Surly,6142,Rear Rack,,Silver,140.00,140.00,80.00,RU-310 04-,TW,No,EA,2.95,17.00,13.00,6.75,No,Surly 26-29 CroMoly Rear Rack: Silver,,RK0102,,
RK0105,708752103467,Front Mount Rack,Surly,6044,CroMoly Front Mount,,Silver,125.00,125.00,70.00,RU-320 04-,TW,No,EA,3.30,21.00,13.50,7.00,No,Surly CroMoly Front Rack 2.0: Silver,,RK0106,,
RK0106,708752103474,Front Mount Rack,Surly,6044,CroMoly Front Mount,,Black,125.00,125.00,70.00,RU-320 04-,TW,No,EA,4.00,21.00,13.50,7.00,No,Surly CroMoly Front Rack 2.0: Black,,RK0105,2018-04-26,
RK0121,708752035614,Bicycle Mounted Rack Part,Surly,25222,Rack Parts,,,60.00,60.00,33.00,RK0121,TW,No,SET,0.55,7.50,3.50,1.25,No,Surly Rear Rack Hardware Set,,,,
RK0126,708752067943,Bicycle Mounted Rack Part,Surly,25222,Rack Parts,,,8.00,8.00,4.00,RK0126,TW,No,EA,0.15,4.75,2.50,1.50,No,Surly Rack Front Mid- Blade Adaptor kit,,,,
RK0127,708752068599,Bicycle Mounted Rack Part,Surly,MSURLY56,Stock Kit,,,25.00,12.00,12.50,RK0127,TW,No,EA,0.63,4.50,3.50,1.50,No,Surly Front Rack Plate Kit #1 Pavement Bikes,,,,
RK0128,708752068605,Bicycle Mounted Rack Part,Surly,MSURLY56,Stock Kit,,,25.00,25.00,12.50,RK0128,TW,No,EA,2.00,4.00,4.00,4.00,No,Surly Front Rack Plate Kit #2 Unicrown/Mountain Bikes,,,,
RK0130,708752067967,Bicycle Mounted Rack Part,Surly,25222,Rack Parts,,,35.00,35.00,19.50,RK0130,TW,No,EA,0.30,8.00,3.75,0.50,No,Surly Rack Rear Upper Kit,,,,
RK0131,708752067974,Bicycle Mounted Rack Part,Surly,25222,Rack Parts,,,28.00,28.00,15.50,RK0131,TW,No,EA,0.25,7.00,2.60,0.60,No,Surly Rack Rear Lower Kit,,,,
RK0132,708752067981,Bicycle Mounted Rack Part,Surly,25222,Rack Parts,,,15.00,15.00,8.25,,TW,No,EA,0.20,2.10,1.80,0.60,No,Surly Rack Rear Tube Blocks,,,,
RK0133,708752067998,Bicycle Mounted Rack Part,Surly,25222,Rack Parts,,,8.00,8.00,4.00,RK0133,TW,No,EA,0.15,9.50,2.60,0.40,No,Surly Rack Rear Upper Tubes,,,,
RK0134,708752068001,Bicycle Mounted Rack Part,Surly,25222,Rack Parts,,,6.00,6.00,3.00,RK0134,TW,No,EA,0.15,7.10,2.60,0.40,No,Surly Rack Rear Lower Tubes,,,,
RK0135,708752071735,Bicycle Mounted Rack Part,Surly,25222,Rack Parts,,,10.00,10.00,5.00,RK0135,TW,No,EA,0.18,10.00,0.50,0.25,No,Surly Rack Upper Rack Struts 240mm Long Pair,,,,
RK0136,708752103504,Bicycle Mounted Rack Part,Surly,25222,Rack Parts,,,8.00,8.00,4.00,RU-320-7,TW,No,EA,0.25,4.00,3.25,0.75,No,Surly Front Rack Lower Offset Sliding Mounting Plate,,,,
RK0137,708752113589,Bicycle Mounted Rack Part,Surly,25222,Rack Parts,,,8.00,8.00,4.00,RU-320-6,TW,No,EA,0.25,9.00,3.00,1.00,No,Surly Front Rack Upper Offset Sliding Mounting Plate for Lugged Forks,,,,
RK0138,708752113572,Bicycle Mounted Rack Part,Surly,25222,Rack Parts,,,8.00,8.00,4.00,RU-320-8,TW,No,EA,0.25,9.00,3.00,1.00,No,Surly Front Rack Upper Non-Offset Sliding Mounting Plate for Uni-Crown Forks,,,,
RK0139,708752113565,Bicycle Mounted Rack Part,Surly,MSURLY56,Stock Kit,,,12.50,12.50,6.00,DRAWING#04-000671,TW,No,EA,0.25,9.00,3.00,1.00,No,Surly Front Rack Plate Kit #3 Additional Front Unicrown Hardware,,,,
RK0140,708752108158,Front Mount Rack,Surly,MSURLY13,8-Pack,,Silver,110.00,110.00,65.00,RU-9239 04-,TW,No,EA,4.00,21.00,13.50,7.00,No,Surly 8-pack Rack Silver,,,,
RK0141,708752108165,Front Mount Rack,Surly,MSURLY13,8-Pack,,Black,110.00,110.00,65.00,RU-9239 04-,TW,No,EA,2.19,11.50,8.75,7.00,No,Surly 8-pack Rack Black,,,2018-05-01,
RK0141,708752108165,Front Mount Rack,Surly,MSURLY13,8-Pack,,Silver,110.00,110.00,65.00,RU-9239 04-,TW,No,EA,2.19,11.50,8.75,7.00,No,Surly 8-pack Rack Black,,,2018-05-01,
RK0145,708752108172,Front Mount Rack,Surly,MSURLY14,24-Pack,,Black,150.00,150.00,90.00,RU-9240 04-,TW,No,EA,4.00,21.00,13.50,7.00,No,Surly 24-pack Rack Silver,,,,
RK0145,708752108172,Front Mount Rack,Surly,MSURLY14,24-Pack,,Silver,150.00,150.00,90.00,RU-9240 04-,TW,No,EA,4.00,21.00,13.50,7.00,No,Surly 24-pack Rack Silver,,,,
RK0146,708752108189,Front Mount Rack,Surly,MSURLY14,24-Pack,,Black,150.00,150.00,90.00,RU-9240 04-,TW,No,EA,3.08,16.50,11.50,8.75,No,Surly 24-pack Rack Black,,,,
RK0146,708752108189,Front Mount Rack,Surly,MSURLY14,24-Pack,,Silver,150.00,150.00,90.00,RU-9240 04-,TW,No,EA,3.08,16.50,11.50,8.75,No,Surly 24-pack Rack Black,,,,
RK0147,708752229143,Rear Mount Rack,Surly,E2049,Standard Rear Disc Rack,,Black,160.00,160.00,96.00,RU-9341-150,TW,No,EA,3.53,15.75,13.25,6.75,No,Surly Rear Disc Rack Standard Black,,,2018-04-27,
RK0148,708752229167,Rear Mount Rack,Surly,E2048,Wide Rear Disc Rack,,Black,160.00,160.00,96.00,RU-9341-200,TW,No,EA,3.74,16.00,8.75,12.75,No,Surly Rear Disc Rack Wide Black,,,,
RM0032,708752095687,Rim,Surly,27232,Marge Lite,,Polished,135.00,135.00,80.00,14/15 AQ-7 POLISHED,TW,No,EA,1.65,26.00,26.00,3.00,No,Surly Marge Lite Rim 26 32h Polished,,,,
RM0040,708752071766,Rim,Surly,27233,Clown Shoe,,Black,170.00,170.00,102.00,14/15 AQ-8,TW,No,EA,2.19,22.50,22.50,4.00,No,Surly Clown Shoe Rim 26 32h Black,,,,
RM0051,708752085800,Rim,Surly,29888,Rabbit Hole,,Polished,135.00,135.00,80.00,14/15 AQ-9 SILVER,TW,No,EA,1.60,25.00,25.00,2.00,No,Surly Rabbit Hole Rim: 29+ x 50mm 32h Polished,,,,
RM0060,708752095731,Rim,Surly,29888,Rabbit Hole,,Black,115.00,115.00,69.00,14/15 AQ-9-26,TW,No,EA,1.50,22.50,22.50,2.75,No,Surly Rabbit Hole Rim: 26+ x 50mm 32h Black,,,,
RM0062,708752095748,Rim,Surly,29888,Rabbit Hole,,Polished,135.00,135.00,80.00,14/15 AQ-9-26,TW,No,EA,1.50,22.50,22.50,2.75,No,Surly Rabbit Hole Rim: 26+ x 50mm 32h Polished,,,,
RM0064,708752095755,Rim,Surly,29888,Rabbit Hole,,Anodized Gold,125.00,125.00,75.00,14 AQ-9-26,TW,No,EA,1.50,22.50,22.50,2.75,No,Surly Rabbit Hole Rim: 26+ x 50mm 32h Anno Gold,,,,
RM0066,708752095762,Rim,Surly,29888,Rabbit Hole,,Canvas Green,120.00,120.00,72.00,14 AQ-9-26,TW,No,EA,1.50,22.50,22.50,2.75,No,Surly Rabbit Hole Rim: 26+ x 50mm 32h Canvas Green,,,,
RM0068,708752099777,Rim,Surly,29888,Rabbit Hole,,Annodized ,125.00,125.00,75.00,AQ-?,TW,No,EA,1.50,22.50,22.50,2.75,No,Surly Rabbit Hole Rim: 26+ x 50mm 32h Anno Bronze,,,,
RM0270,708752128033,Rim,Surly,K2617,My Other Brother Darryl,,Black,150.00,150.00,90.00,RM0270,TW,No,EA,2.06,22.75,22.75,3.50,No,Surly My Other Brother Darryl Rim 80mm Black Dual,,,,
RM0275,708752128026,Rim,Surly,K2617,My Other Brother Darryl,,Polished,150.00,150.00,90.00,RM0275,TW,No,EA,2.06,22.75,22.75,3.50,No,Surly My Other Brother Darryl Rim 80mm Polished Dual,,,,
RM0280,708752128019,Rim,Surly,K2617,My Other Brother Darryl,,Black,150.00,150.00,90.00,RM0280,TW,No,EA,2.06,22.75,22.75,3.50,No,Surly My Other Brother Darryl Rim 80mm Black Symmetric,,,,
RM0285,708752128002,Rim,Surly,K2617,My Other Brother Darryl,,Black,150.00,150.00,90.00,RM0285,TW,No,EA,2.06,22.75,22.75,3.50,No,Surly My Other Brother Darryl Rim 80mm Polished Symmetric,,,,
RS0065,708752096011,Rim Strips and Tape,Surly,K4487,Rabbit Hole,,,5.00,5.00,2.50,,TW,No,EA,1.10,5.00,3.00,2.00,No,Surly Rim Strip: For 26+ Rabbit Hole Rim PVC 38mm wide Black,,,,
RS0066,708752105348,Rim Strips and Tape,Surly,K4487,Rabbit Hole,,,5.00,5.00,2.50,,TW,No,EA,1.10,5.00,3.00,2.00,No,Surly Rim Strip: For 26+ Rabbit Hole Rim PVC 38mm wide White,,,,
RS0067,708752105355,Rim Strips and Tape,Surly,K4487,Rabbit Hole,,,5.00,5.00,2.50,,TW,No,EA,0.14,4.00,2.75,1.00,No,Surly Rim Strip: For 26+ Rabbit Hole Rim PVC 38mm wide Blue,,,,
RS0068,708752105362,Rim Strips and Tape,Surly,K4487,Rabbit Hole,,,5.00,5.00,2.50,,TW,No,EA,0.14,4.25,2.75,1.50,No,Surly Rim Strip: For 26+ Rabbit Hole Rim PVC 38mm wide Red,,,,
RS0069,708752105379,Rim Strips and Tape,Surly,K4487,Rabbit Hole,,,5.00,5.00,2.50,,TW,No,EA,0.10,4.25,2.75,0.75,No,Surly Rim Strip: For 26+ Rabbit Hole Rim PVC 38mm wide Orange,,,,
RS0130,708752158412,Rim Strips and Tape,Surly,K4486,Marge Lite/Rolling Darryl,,,5.00,5.00,2.50,JN2645S18O,TW,No,EA,0.15,3.50,2.75,0.50,No,Surly Rim Strip: For Marge Lite / Rolling Darryl Nylon 45mm wide Orange,,,,
RS0131,708752158429,Rim Strips and Tape,Surly,K4488,Other Brother Darryl,,,5.00,5.00,2.50,JN2650S4B,TW,No,EA,0.10,4.00,4.00,1.25,No,Surly Rim Strip: For Other Brother Darryl Rim Nylon 50mm wide Black,,,,
RS0132,708752158436,Rim Strips and Tape,Surly,K4488,Other Brother Darryl,,,5.00,5.00,2.50,JN2650S4W,TW,No,EA,0.10,4.25,4.00,0.75,No,Surly Rim Strip: For Other Brother Darryl Rim Nylon 50mm wide White,,,,
RS0133,708752158443,Rim Strips and Tape,Surly,K4488,Other Brother Darryl,,,5.00,5.00,2.50,JN2650S4B,TW,No,EA,0.15,4.00,3.25,1.00,No,Surly Rim Strip: For Other Brother Darryl Rim Nylon 50mm wide Blue,,,,
RS0134,708752158450,Rim Strips and Tape,Surly,K4488,Other Brother Darryl,,,5.00,5.00,2.50,JN2650S4R,TW,No,EA,0.15,4.00,3.25,1.00,No,Surly Rim Strip: For Other Brother Darryl Rim Nylon 50mm wide Red,,,,
RS0135,708752158467,Rim Strips and Tape,Surly,K4488,Other Brother Darryl,,,5.00,5.00,2.50,JN2650S4O,TW,No,EA,0.15,4.00,3.25,1.00,No,Surly Rim Strip: For Other Brother Darryl Rim Nylon 50mm wide Orange,,,,
RS0136,708752158474,Rim Strips and Tape,Surly,K4489,Clown Shoe,,,5.00,5.00,2.50,JN2665S18B,TW,No,EA,0.15,4.25,4.00,1.00,No,Surly Rim Strip: For Clown Shoe Rim Nylon 65mm wide Black,,,,
RS0137,708752158481,Rim Strips and Tape,Surly,K4489,Clown Shoe,,,5.00,5.00,2.50,JN2665S18W,TW,No,EA,0.20,4.00,3.75,1.50,No,Surly Rim Strip: For Clown Shoe Rim Nylon 65mm wide White,,,,
RS0141,708752158528,Rim Strips and Tape,Surly,K4487,Rabbit Hole,,,5.00,5.00,2.50,JN2933S20B,TW,No,EA,0.10,4.75,2.75,1.25,No,Surly Rim Strip: For 29+ Rabbit Hole Rim Nylon 33mm wide Black,,,,
RS0149,708752158603,Rim Strips and Tape,Surly,K4487,Rabbit Hole,,,5.00,5.00,2.50,RS0149,TW,No,EA,0.10,4.00,2.75,1.50,No,Surly Rim Strip: For 26+ Rabbit Hole Rim Nylon 33mm wide Red,,,,
RS0150,708752158610,Rim Strips and Tape,Surly,K4487,Rabbit Hole,,,5.00,5.00,2.50,RS0150,TW,No,EA,1.10,5.00,3.00,2.00,No,Surly Rim Strip: For 26+ Rabbit Hole Rim Nylon 33mm wide Orange,,,,
RS0151,708752158627,Rim Strips and Tape,Surly,K4486,Marge Lite/Rolling Darryl,,,5.00,5.00,2.50,JN2645S18B,TW,No,EA,0.10,4.00,2.75,1.00,No,Surly Rim Strip: For Marge Lite / Rolling Darryl Nylon 45mm wide Black,,,,
RS0152,708752158634,Rim Strips and Tape,Surly,K4486,Marge Lite/Rolling Darryl,,,5.00,5.00,2.50,JN2645S18W,TW,No,EA,0.10,4.25,4.00,0.75,No,Surly Rim Strip: For Marge Lite / Rolling Darryl Nylon 45mm wide White,,,,
RS0153,708752158641,Rim Strips and Tape,Surly,K4486,Marge Lite/Rolling Darryl,,,5.00,5.00,2.50,JN2645S18B,TW,No,EA,0.15,3.50,2.75,0.50,No,Surly Rim Strip: For Marge Lite / Rolling Darryl Nylon 45mm wide Blue,,,,
RS0154,708752158658,Rim Strips and Tape,Surly,K4486,Marge Lite/Rolling Darryl,,,5.00,5.00,2.50,JN2645S18R,TW,No,EA,0.15,3.50,2.75,0.50,No,Surly Rim Strip: For Marge Lite / Rolling Darryl Nylon 45mm wide Red,,,,
RS0800,708752170124,Tubeless Conversion Kits,Surly,K5607,Tubeless Kit,,,30.00,30.00,18.00,RS0800,TW,No,EA,0.55,7.00,6.75,3.75,No,Surly Tubeless Kit,,,,
SK1100,708752060463,Sock,Surly,MSURLY400,Logo Wool Socks,Small,Black,19.00,19.00,10.00,04-001121,US,No,PAA,0.10,8.25,4.00,1.50,No,Surly Logo 5 Wool Sock Black SM,,,,
SK1101,708752060470,Sock,Surly,MSURLY400,Logo Wool Socks,Medium,Black,19.00,19.00,10.00,04-001121,US,No,PAA,0.10,8.00,4.00,0.75,No,Surly Logo 5 Wool Sock Black MD,,,,
SK1102,708752060487,Sock,Surly,MSURLY400,Logo Wool Socks,Large,Black,19.00,19.00,10.00,04-001121,US,No,PAA,0.10,7.50,4.00,0.50,No,Surly Logo 5 Wool Sock Black LG,,,,
SK1103,708752060494,Sock,Surly,MSURLY400,Logo Wool Socks,X-Large,Black,19.00,19.00,10.00,04-001121,US,No,PAA,0.12,8.00,3.75,0.75,No,Surly Logo 5 Wool Sock Black XL,,,,
SK1125,708752063815,Sock,Surly,20767,Logo Tall Wool Socks,Small,Black,27.00,27.00,13.50,04-001123,US,No,PAA,0.20,8.25,4.00,1.50,No,Surly Tall Logo Wool Sock Black SM,,,,
SK1126,708752063822,Sock,Surly,20767,Logo Tall Wool Socks,Medium,Black,27.00,27.00,13.50,04-001123,US,No,PAA,0.20,8.25,4.00,1.50,No,Surly Tall Logo Wool Sock Black MD,,,,
SK1127,708752063839,Sock,Surly,20767,Logo Tall Wool Socks,Large,Black,27.00,27.00,13.50,04-001123,US,No,PAA,0.25,9.75,4.00,1.50,No,Surly Tall Logo Wool Sock Black LG,,,,
SK1128,708752063846,Sock,Surly,20767,Logo Tall Wool Socks,X-Large,Black,27.00,27.00,13.50,04-001123,US,No,PAA,0.25,8.25,4.00,1.50,No,Surly Tall Logo Wool Sock Black XL,,,,
SK1140,708752077089,Sock,Surly,28188,1st Ave Wool Socks,Small,Black,19.00,19.00,10.00,,US,No,PAA,0.10,8.25,4.00,1.50,No,Surly 1st Ave 5 Wool Sock: Black SM,,,,
SK1141,708752077096,Sock,Surly,28188,1st Ave Wool Socks,Medium,Black,19.00,19.00,10.00,,US,No,PAA,0.10,8.00,4.00,0.75,No,Surly 1st Ave 5 Wool Sock: Black MD,,,,
SK1143,708752077119,Sock,Surly,28188,1st Ave Wool Socks,X-Large,Black,19.00,19.00,10.00,,US,No,PAA,0.10,8.00,4.00,0.75,No,Surly 1st Ave 5 Wool Sock: Black XL,,,,
SK1224,708752131651,Sock,Surly,MSURLY25,Block Wool Socks,Small,Black/Tan,19.00,19.00,10.00,04-001122,US,No,PAA,0.10,8.25,4.00,1.50,No,Surly Block 5 Sock: Black/Tan SM,,,,
SK1225,708752131644,Sock,Surly,MSURLY25,Block Wool Socks,Medium,Black/Tan,19.00,19.00,10.00,04-001122,US,No,PAA,0.10,8.25,4.00,1.50,No,Surly Block 5 Sock: Black/Tan MD,,,,
SK1226,708752131637,Sock,Surly,MSURLY25,Block Wool Socks,Large,Black/Tan,19.00,19.00,10.00,04-001122,US,No,PAA,0.10,8.25,4.00,1.50,No,Surly Block 5 Sock: Black/Tan LG,,,,
SK1227,708752131620,Sock,Surly,MSURLY25,Block Wool Socks,X-Large,Black/Tan,19.00,19.00,10.00,04-001122,US,No,PAA,0.10,8.25,4.00,1.50,No,Surly Block 5 Sock: Black/Tan XL,,,,
SK1232,708752131576,Sock,Surly,MSURLY29,Trip-L Stripe Wool Socks,Small,Black/Red,19.00,19.00,10.00,04-000984-A,US,No,PAA,0.10,6.50,4.50,0.50,No,Surly Trip-L Strpe 5 Sock: Black/Gray/Red SM,,,,
SK1233,708752131569,Sock,Surly,MSURLY29,Trip-L Stripe Wool Socks,Medium,Black/Red,19.00,19.00,10.00,04-000984-A,US,No,PAA,0.10,7.50,3.75,1.25,No,Surly Trip-L Strpe 5 Sock: Black/Gray/Red MD,,,,
SK1234,708752131552,Sock,Surly,MSURLY29,Trip-L Stripe Wool Socks,Large,Black/Red,19.00,19.00,10.00,04-000984-A,US,No,PAA,0.18,9.00,4.00,1.00,No,Surly Trip-L Strpe 5 Sock: Black/Gray/Red LG,,,,
SK1235,708752131545,Sock,Surly,MSURLY29,Trip-L Stripe Wool Socks,X-Large,Black/Red,19.00,19.00,10.00,04-000984-A,US,No,PAA,0.10,8.50,4.25,1.25,No,Surly Trip-L Strpe 5 Sock: Black/Gray/Red XL,,,,
SK1240,708752131491,Sock,Surly,MSURLY30,Sports Logo Wool Socks,Small,Black/Cream,19.00,19.00,10.00,04-000985-A,US,No,PAA,0.10,4.00,0.50,6.75,No,Surly Sports Logo 5 Sock: Black/Cream SM,,,,
SK1241,708752131484,Sock,Surly,MSURLY30,Sports Logo Wool Socks,Medium,Black/Cream,19.00,19.00,10.00,04-000985-A,US,No,PAA,0.10,7.50,3.75,1.25,No,Surly Sports Logo 5 Sock: Black/Cream MD,,,,
SK1242,708752131477,Sock,Surly,MSURLY30,Sports Logo Wool Socks,Large,Black/Cream,19.00,19.00,10.00,04-000985-A,US,No,PAA,0.10,7.50,3.75,1.25,No,Surly Sports Logo 5 Sock: Black/Cream LG,,,,
SK1243,708752131460,Sock,Surly,MSURLY30,Sports Logo Wool Socks,X-Large,Black/Cream,19.00,19.00,10.00,04-000985-A,US,No,PAA,0.10,7.50,3.75,1.25,No,Surly Sports Logo 5 Sock: Black/Cream XL,,,,
SK1244,708752221215,Sock,Surly,MSURLY559,Vortechia Wool Socks,Small,Black/Gray,19.00,19.00,10.00,04-000986-A,US,No,PAA,0.12,8.50,3.75,0.50,No,Surly Vortechia 5 Sock: Black/Gray SM,,,,
SK1245,708752221239,Sock,Surly,MSURLY559,Vortechia Wool Socks,Medium,Black/Gray,19.00,19.00,10.00,04-000986-A,US,No,PAA,0.10,7.75,3.75,1.00,No,Surly Vortechia 5 Sock: Black/Gray MD,,,,
SK1246,708752221253,Sock,Surly,MSURLY559,Vortechia Wool Socks,Large,Black/Gray,19.00,19.00,10.00,04-000986-A,US,No,PAA,0.10,8.25,3.75,1.00,No,Surly Vortechia 5 Sock: Black/Gray LG,,,,
SK1247,708752221277,Sock,Surly,MSURLY559,Vortechia Wool Socks,X-Large,Black/Gray,19.00,19.00,10.00,04-000986-A,US,No,PAA,0.10,9.75,4.50,0.50,No,Surly Vortechia 5 Sock: Black/Gray XL,,,,
SK1248,708752221291,Sock,Surly,MSURLY560,Natch Wool Socks,Small,Black/White,19.00,19.00,10.00,04-000987-A,US,No,PAA,0.10,8.25,3.75,1.00,No,Surly Natch 5 Sock: Black/White SM,,,,
SK1249,708752221314,Sock,Surly,MSURLY560,Natch Wool Socks,Medium,Black/White,19.00,19.00,10.00,04-000987-A,US,No,PAA,0.10,8.25,3.75,1.00,No,Surly Natch 5 Sock: Black/White MD,,,,
SK1250,708752221338,Sock,Surly,MSURLY560,Natch Wool Socks,Large,Black/White,19.00,19.00,10.00,04-000987-A,US,No,PAA,0.10,7.75,3.75,1.00,No,Surly Natch 5 Sock: Black/White LG,,,,
SK1251,708752221352,Sock,Surly,MSURLY560,Natch Wool Socks,X-Large,Black/White,19.00,19.00,10.00,04-000987-A,US,No,PAA,0.10,8.25,3.75,1.00,No,Surly Natch 5 Sock: Black/White XL,,,,
ST0001,708752023369,Seatpost Clamp,Surly,6655,Constrictor,,Black,15.00,15.00,7.60,ST0001,TW,No,EA,0.15,5.50,4.25,0.50,No,Surly Constrictor Seatpost Clamp 30mm Black,,,,
ST0002,708752023352,Seatpost Clamp,Surly,6655,Constrictor,,Black,15.00,15.00,7.60,ST0002,TW,No,EA,0.15,5.50,4.25,1.00,No,Surly Constrictor Seatpost Clamp 31.8mm Black,,,,
ST0003,708752117020,Seatpost Clamp,Surly,6655,Constrictor,,Black,15.00,15.00,7.60,ST0003,TW,No,EA,0.16,5.75,4.50,1.25,No,Surly Constrictor 33.1 Seatpost Clamp Black,,,,
ST0004,708752032279,Seatpost Binder Bolt,Surly,22845,Constrictor Bolt,,,3.00,3.00,1.50,,TW,No,EA,0.01,1.50,0.50,0.50,No,Surly Constrictor Replacement Bolt 8mm,,,,
ST0020,708752108318,Seatpost Clamp,Surly,12563,Stainless,,Black,20.00,20.00,11.00,ST0020,TW,No,EA,0.16,5.50,4.50,1.00,No,Surly New Stainless Seatpost Clamp 30.0mm Black,,,2018-04-26,
ST0021,708752108325,Seatpost Clamp,Surly,12563,Stainless,,Silver,20.00,20.00,11.00,ST0021,TW,No,EA,0.14,5.50,4.25,0.75,No,Surly New Stainless Seatpost Clamp 30.0mm Silver,,,,
ST0025,708752108332,Seatpost Clamp,Surly,12563,Stainless,,Black,20.00,20.00,11.00,ST0025,TW,No,EA,0.15,5.50,4.50,0.75,No,Surly New Stainless Seatpost Clamp 33.1mm Black,,,,
ST0026,708752108349,Seatpost Clamp,Surly,12563,Stainless,,Silver,20.00,20.00,11.00,ST0026,TW,No,EA,0.15,5.50,4.50,0.75,No,Surly New Stainless Seatpost Clamp 33.1mm Silver,,,,
TL0069,708752037298,Truing Stand Accessory,Surly,27258,Fat Bike Wheelbuilding Tools,,,10.00,10.00,5.00,TL0069,TW,No,EA,0.05,3.00,1.50,1.50,No,Surly Pugsley Wheelbuilding Tool,,,,
TL0070,708752069343,Truing Stand Accessory,Surly,27258,Fat Bike Wheelbuilding Tools,,,10.00,10.00,5.00,,TW,No,EA,0.10,2.50,1.00,1.00,No,Surly Moonlander Wheelbuilding Tool,,,,
TL1620,708752056602,Beverage Essentials,Surly,25819,Jethro Tule,,,25.00,25.00,12.75,1134-4,TW,No,EA,0.25,7.00,4.50,0.50,No,Surly Jethro Tule: 15mm Socket/Bottle Opener,,,,
TR0000,708752082991,Tire,Surly,29889,Knard Tire,,Black,65.00,65.00,35.00,TR0000,CN,No,EA,2.68,31.00,31.00,3.00,No,Surly Knard Tire: 29+ x 3.0 27tpi Black,,,,
TR0004,708752064423,Tire,Surly,19168,Larry Tire,,Black,70.00,70.00,37.50,TR0004,CN,No,EA,3.80,28.75,28.75,2.00,No,Surly Larry Tire 26 x 3.8 27tpi,,,2018-04-26,
TR0009,708752068513,Tire,Surly,26918,Big Fat Larry Tire,,Black,110.00,110.00,60.00,TR0009,CN,No,EA,3.50,29.75,29.75,1.00,No,Surly Big Fat Larry Tire 26 x 4.7 60tpi,,,,
TR0021,708752095847,Tire,Surly,33314,Dirt Wizard Tire,,Black,80.00,80.00,45.00,TR0021,CN,No,EA,2.68,31.00,31.00,3.00,No,Surly Dirt Wizard Tire: 29+ x 3.0 60 tpi Black,,,,
TR0024,708752083042,Tire,Surly,29889,Knard Tire,,Black,70.00,70.00,37.50,TR0024,CN,No,EA,3.70,30.00,30.00,1.25,No,Surly Knard 26 x 3.8 27tpi Tire,,,,
TR0030,708752083004,Tire,Surly,29889,Knard Tire,,Black,90.00,90.00,50.00,TR0030,CN,No,EA,2.31,8.00,6.25,6.25,No,Surly Knard Tire: 29+ x 3.0 120tpi Folding Black,,,,
TR0031,708752095854,Tire,Surly,33314,Dirt Wizard Tire,,Black,90.00,90.00,50.00,TR0031,CN,No,EA,2.60,8.00,7.00,7.00,No,Surly Dirt Wizard Tire: 29+  x 3.0 120 tpi Black,,,,
TR0032,708752076938,Tire,Surly,19168,Larry Tire,,Black,110.00,110.00,60.00,TR0032,CN,No,EA,3.53,28.00,28.00,2.50,No,Surly Larry 26 x 3.8 120tpi Folding Tire,,TR0004,,
TR0034,708752083035,Tire,Surly,29889,Knard Tire,,Black,110.00,110.00,60.00,TR0034,CN,No,EA,3.13,6.75,10.75,6.75,No,Surly Knard 26 x 3.8 120tpi Folding Tire,,,,
TR0036,708752076952,Tire,Surly,26917,Nate Tire,,Black,110.00,110.00,60.00,TR0036,CN,No,EA,3.36,10.00,6.50,6.25,No,Surly Nate 26 x 3.8 120tpi Folding Tire,,,,
TR0037,708752083011,Tire,Surly,30213,Bud Tire,,Black,130.00,130.00,70.00,TR0037,CN,No,EA,3.78,11.25,8.25,8.25,No,Surly Bud 26 x 4.8 120tpi Folding Tire,,,,
TR0038,708752083028,Tire,Surly,30214,Lou Tire,,Black,130.00,130.00,70.00,TR0038,CN,No,EA,4.15,11.25,8.25,8.25,No,Surly Lou 26 x 4.8 120tpi Folding Tire,,,,
TR0039,708752076969,Tire,Surly,26918,Big Fat Larry Tire,,Black,130.00,130.00,70.00,TR0039,CN,No,EA,2.88,29.00,29.00,2.50,No,Surly Big Fat Larry 26 x 4.7 120tpi Folding Tire,,,,
TR0040,708752095779,Tire,Surly,26982,Black Floyd Tire,,Black,90.00,90.00,50.00,TR0040,CN,No,EA,3.40,10.50,6.50,6.50,No,Surly Black Floyd Tires 26x3.8 60tpi Black,,,,
TR0041,708752095786,Tire,Surly,26982,Black Floyd Tire,,Black/Tan,90.00,90.00,50.00,TR0041,CN,No,EA,2.40,10.00,6.50,6.50,No,Surly Black Floyd Tires 26x3.8 60tpi Tan Sidewall,,,,
TR0042,708752106109,Tire,Surly,29889,Knard Tire,,Black,40.00,40.00,20.00,TR0042,CN,No,EA,1.50,27.50,27.50,1.50,No,Surly Knard 700 x 41 60tpi Folding Tire,,,,
TR0045,708752106123,Tire,Surly,K5970,Edna Tire,,Black,95.00,95.00,55.00,TR0045,CN,No,EA,3.50,8.25,8.00,10.75,No,Surly Edna 26x4.3 60tpi Tire,,,,
TR0046,708752095793,Tire,Surly,26917,Nate Tire,,Black/Tan,90.00,90.00,50.00,TR0046,CN,No,EA,3.50,29.00,29.00,1.50,No,Surly Nate Tire 26 x 3.8 60tpi Tan Sidewall,,,,
TR0048,708752106147,Tire,Surly,29889,Knard Tire,,Black,35.00,35.00,17.50,TR0048,CN,No,EA,3.00,10.50,6.50,4.75,No,Surly Knard 650bx41 60tpi Folding Bead Tire,,,,
TR0049,708752109681,Tire,Surly,26917,Nate Tire,,Black,80.00,80.00,45.00,TR0049,CN,No,EA,3.55,10.00,6.75,6.75,No,Surly Nate 26 x 3.8 60tpi Folding Black Tire,,,,
TR0082,708752123137,Tire,Surly,33314,Dirt Wizard Tire,,Black,65.00,65.00,35.00,TR0082,CN,No,EA,3.00,28.00,28.00,2.50,No,Surly Dirt Wizard 26 x 3.0 60 tpi Tire,,,,
TR0083,708752131453,Tire,Surly,33314,Dirt Wizard Tire,,Black,80.00,80.00,45.00,TR0083,CN,No,EA,2.90,7.50,6.50,6.50,No,Surly Dirt Wizard Tire: 27.5+ x 3.0 60 tpi Black,,,,
TR0086,708752123120,Tire,Surly,29889,Knard Tire,,Black,25.00,25.00,12.50,TR0086,CN,No,EA,1.75,27.50,27.50,1.00,No,Surly Knard 700x41 33tpi Tire,,,,
TR0090,708752095816,Tire,Surly,29889,Knard Tire,,Black,90.00,90.00,50.00,TR0090,CN,No,EA,2.20,8.50,6.50,6.50,No,Surly Knard Tire: 26+ x 3.0 120tpi Black,,,,
TR0091,708752095830,Tire,Surly,33314,Dirt Wizard Tire,,Black,90.00,90.00,50.00,TR0091,CN,No,EA,2.15,7.75,6.25,6.25,No,Surly Dirt Wizard Tire: 26+ x 2.75 120tpi Black,,,,
TR0095,708752095878,Tire,Surly,29889,Knard Tire,,Black,40.00,40.00,20.00,TR0095,CN,No,EA,1.33,11.00,7.00,5.00,No,Surly Knard 700 x 41 120tpi Folding Tire,,,,
TR0120,708752106154,Tire,Surly,29889,Knard Tire,,Black,110.00,110.00,60.00,TR0120,CN,No,EA,4.00,11.25,8.25,8.25,No,Surly Knard 26x4.8 60tpi tire,,,,
TR0130,708752106161,Tire,Surly,29889,Knard Tire,,Black,130.00,130.00,70.00,TR0130,CN,No,EA,4.00,11.25,8.25,8.25,No,Surly Knard 26x4.8 120tpi Folding Bead Tire,,,,
TR0801,708752123311,Tire,Surly,K2616,ExtraTerrestrial Tire,,Black,55.00,55.00,30.00,TR0801,CN,No,EA,2.39,7.75,6.50,6.50,No,Surly ExtraTerrestrial 26 x 2.5 60tpi Tire,,,,
TR0802,708752160507,Tire,Surly,K2616,ExtraTerrestrial Tire,,Black,55.00,55.00,30.00,TR0802,CN,No,EA,2.60,7.50,6.25,6.25,No,Surly ExtraTerrestrial 29 x 2.5 60tpi Tire,,,,
TR0803,708752222519,Tire,Surly,29889,Knard Tire,,Black,80.00,80.00,45.00,TR0803,CN,No,EA,3.00,7.50,6.50,6.50,No,Surly Knard Tire: 27.5+ x 3.0 60 tpi Black,,,,
TR0804,708752214484,Tire,Surly,K2616,ExtraTerrestrial Tire,,Black,40.00,40.00,24.00,,CN,No,EA,1.80,7.50,6.50,6.50,No,Surly ExtraTerrestrial 26 x 46c 60tpi Tire,,,2018-05-02,
TR0805,708752214507,Tire,Surly,K2616,ExtraTerrestrial Tire,,Black,40.00,40.00,24.00,,CN,No,EA,1.80,10.50,6.50,4.50,No,Surly ExtraTerrestrial 700 x 41c 60tpi Tire,,,,
TS0002,708752050310,Rack Strap&#44; Tie&#44; & Bungee,Surly,17955,Junk Straps,,Black,8.00,8.00,4.80,TS0002,TW,No,EA,0.10,5.50,4.25,1.00,No,Surly Junk Strap 120cm Rack Strap: Black with Stainless Buckle~ Each,,,,
TS0003,708752063679,Rack Strap&#44; Tie&#44; & Bungee,Surly,17955,Junk Straps,,Black,40.00,40.00,24.00,TS0003,TW,No,EA,0.52,7.25,4.00,2.25,No,Surly Junk Strap 120cm Rack Strap: Black with Stainless Buckle~ 6-Pack,,,,
TS0005,708752160538,Rack Strap&#44; Tie&#44; & Bungee,Surly,17955,Junk Straps,,,10.00,10.00,6.00,TS0005,TW,No,EA,0.10,5.50,4.50,1.25,No,Surly Loop Style Junk Strap,,,,
TU0005,708752080263,Tube,Surly,30058,29,,,13.50,13.50,6.80,TU0005,CN,No,EA,1.00,5.50,4.50,3.00,No,Surly 29+ x 3 Tube: Presta Valve,,,,
TU0013,708752099739,Tube,Surly,6506,Plus Fat Bike,,,17.00,17.00,8.50,TU0013,CN,No,EA,0.80,5.25,4.50,3.00,No,Surly Plus Fat Bike Tube: 26+ 26 x 3.0-4.8 Presta Valve ,,,,
WE4606,708752086555,Front Wheel,Surly,29544,Rabbit Hole Front Wheel,,Black,300.00,300.00,180.00,WE4606,US,No,EA,7.00,26.00,25.00,6.00,No,Surly Rabbit Hole Front Wheel: 29+ QR x 135mm 0mm Offset Black,,,,
WE4607,708752086562,Rear Wheel,Surly,29545,Rabbit Hole Rear Wheel,,Black,300.00,300.00,180.00,WE4607,US,No,EA,7.00,26.00,25.00,6.00,No,Surly Rabbit Hole Rear Wheel: 29+ QR x 135mm 0mm Offset Single-Speed Black,,,,
WE4608,708752086579,Rear Wheel,Surly,29545,Rabbit Hole Rear Wheel,,Black,300.00,300.00,180.00,WE4608,US,No,EA,7.00,26.00,25.00,6.00,No,Surly Rabbit Hole Rear Wheel: 29+ QR x 135mm 0mm Offset Shimano 529 10/11 ,,,,
WE4610,708752086593,Rear Wheel,Surly,29545,Rabbit Hole Rear Wheel,,Black,300.00,300.00,180.00,WE4610,US,No,EA,6.40,26.00,25.00,6.00,No,Surly Rabbit Hole Rear Wheel: 29+ QR x 135mm 17.5mm Offset Single-Speed ,,,,
WE4713,708752080959,Rear Wheel,Surly,28024,Fat Bike Rear Wheel,,Black,285.00,285.00,170.00,WE4713,US,No,EA,2.50,24.00,23.00,6.00,No,Surly Fat Bike Rear Wheel 26 Surly Ultra New Singlespeed Disc / Marge Lite 17.5,,,,
WE4812,708752071889,Rear Wheel,Surly,28024,Fat Bike Rear Wheel,,Black,530.00,530.00,320.00,WE4812,US,No,EA,4.80,24.00,23.00,6.00,No,Surly Fat Bike Rear Wheel 26 DT Swiss 350 Disc / Rolling Darryl 17.5mm Offset,,,,
WE4813,708752080966,Rear Wheel,Surly,28024,Fat Bike Rear Wheel,,Black,305.00,305.00,185.00,WE4813,US,No,EA,5.00,24.00,23.00,6.00,No,Surly Fat Bike Rear Wheel 26 Surly Ultra New Singlespeed Disc / Rolling Darryl ,,,,
WE4922,708752071919,Rear Wheel,Surly,28024,Fat Bike Rear Wheel,,Black,666.00,666.00,400.00,WE4922,US,No,EA,6.00,24.00,23.00,6.00,No,Surly Fat Bike Rear Wheel 26 DT Swiss 340 Disc / Clown Shoe 28mm Offset,,,,
